보험회사,상품명,구분,담보명(급부명),지급사유,지급금액,가입금액,기준보험료,가입보험료,적용이율,갱신구분,판매채널,기준일자,상세안내,연락처,source_file,원본_열_0,원본_열_1,원본_열_2,원본_열_3,원본_열_4,원본_열_5,원본_열_6,원본_열_7,원본_열_8,원본_열_9,원본_열_10,원본_열_11,원본_열_12,원본_열_13,원본_열_14,원본_열_15,원본_열_16,원본_열_17,원본_열_18,원본_열_19,원본_열_20,원본_열_21,원본_열_22,원본_열_23,원본_열_24,원본_열_25,원본_열_26,원본_열_27,원본_열_28,원본_열_29,category_target
ABL생명,(무)우리WON어린이보험(해약환급금 미지급형)[1형(재해장해보장형)],주계약 및 특약 종합,어린이종합보장,보험기간 중 발생한 동일한 재해로 장해분류표에서 정한 장해지급률 중 3% 이상 100% 이하에 해당하는 장해상태가 되었을 때,보험가입금액의 100% x 해당 장해지급률,1000만원  원,"23,061 원","21,314 원",,,,,,,보장성_상품비교_20260608162103272.xls,ABL생명,(무)우리WON어린이보험(해약환급금 미지급형)[1형(재해장해보장형)],주계약,재해장해급여금,보험기간 중 발생한 동일한 재해로 장해분류표에서 정한 장해지급률 중 3% 이상 100% 이하에 해당하는 장해상태가 되었을 때,보험가입금액의 100% x 해당 장해지급률,1000만원  원,2670  원,"2,530  원",2.50 %,-,-,216.0 %,232.5 %,-,-,-,-,무해지/저해지환급,비갱신형,비유니버셜,대면채널,2026-05-08,"1. 가입나이 : 태아 ~ 최대 15세 2. 가입한도 : 1,000만원 단일한도 3. 보험종류 : 1형(재해장해보장형) - 해약환급금 미지급형  1형(재해장해보장형) - 기본형  2형(일반암진단보장형) - 해약환급금 미지급형  2형(일반암진단보장형) - 기본형 4. 보험기간 : 80세만기, 100세만기 5. 보험료 예시기준 : 1형(재해장해보장형), 해약환급금 미지급형, 100세만기, 5세, 10년납, 월납 6. 보험가격지수 예시기준 : 1형(재해장해보장형), 해약환급금 미지급형, 100세만기, 가입금액 1,000만원, 5세, 10년납, 월납 ※ 태아를 피보험자로 할 경우 (무)주산기입원 및 통원보장특약을 의무부가함",1588-6500,,,,,,child
ABL생명,(무)우리WON어린이보험(해약환급금 미지급형)[2형(일반암진단보장형)],주계약 및 특약 종합,어린이종합보장,"피보험자가 보험기간 중 “암”으로 진단이 확정되었을 때 (다만, 최초1회에 한하여 지급)",보험가입금액의 100%,1000만원  원,"34,761 원","30,644 원",,,,,,,보장성_상품비교_20260608162103272.xls,ABL생명,(무)우리WON어린이보험(해약환급금 미지급형)[2형(일반암진단보장형)],주계약,암 진단급여금,"피보험자가 보험기간 중 “암”으로 진단이 확정되었을 때 (다만, 최초1회에 한하여 지급)",보험가입금액의 100%,1000만원  원,14370  원,"11,860  원",2.50 %,-,-,110.7 %,121.1 %,-,-,-,-,무해지/저해지환급,비갱신형,비유니버셜,대면채널,2026-05-08,"1. 가입나이 : 태아 ~ 최대 15세 2. 가입한도 : 1,000만원 단일한도 3. 보험종류 : 1형(재해장해보장형) - 해약환급금 미지급형  1형(재해장해보장형) - 기본형  2형(일반암진단보장형) - 해약환급금 미지급형  2형(일반암진단보장형) - 기본형 4. 보험기간 : 80세만기, 100세만기 5. 보험료 예시기준 : 2형(일반암진단보장형), 해약환급금 미지급형, 100세만기, 5세, 10년납, 월납 6. 보험가격지수 예시기준 : 2형(일반암진단보장형), 해약환급금 미지급형, 100세만기, 가입금액 1,000만원, 5세, 10년납, 월납 ※ 태아를 피보험자로 할 경우 (무)주산기입원 및 통원보장특약을 의무부가함 ※ 2형(일반암진단보장형)을 가입할 경우 (무)소액암진단특약을 의무부가함",1588-6500,,,,,,child
ABL생명,(무)우리WON어린이보험[1형(재해장해보장형)],주계약 및 특약 종합,어린이종합보장,보험기간 중 발생한 동일한 재해로 장해분류표에서 정한 장해지급률 중 3% 이상 100% 이하에 해당하는 장해상태가 되었을 때,보험가입금액의 100% x 해당 장해지급률,1000만원  원,"3,883 원","3,746 원",,,,,,,보장성_상품비교_20260608162103272.xls,ABL생명,(무)우리WON어린이보험[1형(재해장해보장형)],주계약,재해장해급여금,보험기간 중 발생한 동일한 재해로 장해분류표에서 정한 장해지급률 중 3% 이상 100% 이하에 해당하는 장해상태가 되었을 때,보험가입금액의 100% x 해당 장해지급률,1000만원  원,1260  원,"1,170  원",2.50 %,-,-,577.5 %,1247.2 %,-,-,-,-,순수보장형,비갱신형,비유니버셜,대면채널,2026-05-08,"1. 가입나이 : 태아 ~ 최대 15세 2. 가입한도 : 1,000만원 단일한도 3. 보험종류 : 1형(재해장해보장형) - 해약환급금 미지급형  1형(재해장해보장형) - 기본형  2형(일반암진단보장형) - 해약환급금 미지급형  2형(일반암진단보장형) - 기본형 4. 보험기간 : 30세만기, 80세만기, 100세만기 5. 보험료 예시기준 : 1형(재해장해보장형), 기본형, 30세만기, 5세, 10년납, 월납 6. 보험가격지수 예시기준 : 1형(재해장해보장형), 기본형, 30세만기, 가입금액 1,000만원, 5세, 10년납, 월납 ※ 태아를 피보험자로 할 경우 (무)주산기입원 및 통원보장특약을 의무부가함",1588-6500,,,,,,child
ABL생명,(무)우리WON어린이보험[2형(일반암진단보장형)],주계약 및 특약 종합,어린이종합보장,"피보험자가 보험기간 중 “암”으로 진단이 확정되었을 때 (다만, 최초1회에 한하여 지급)",보험가입금액의 100%,1000만원  원,"4,973 원","5,036 원",,,,,,,보장성_상품비교_20260608162103272.xls,ABL생명,(무)우리WON어린이보험[2형(일반암진단보장형)],주계약,암 진단급여금,"피보험자가 보험기간 중 “암”으로 진단이 확정되었을 때 (다만, 최초1회에 한하여 지급)",보험가입금액의 100%,1000만원  원,2350  원,"2,460  원",2.50 %,-,-,331.4 %,298.0 %,-,-,-,-,순수보장형,비갱신형,비유니버셜,대면채널,2026-05-08,"1. 가입나이 : 태아 ~ 최대 15세 2. 가입한도 : 1,000만원 단일한도 3. 보험종류 : 1형(재해장해보장형) - 해약환급금 미지급형  1형(재해장해보장형) - 기본형  2형(일반암진단보장형) - 해약환급금 미지급형  2형(일반암진단보장형) - 기본형 4. 보험기간 : 30세만기, 80세만기, 100세만기 5. 보험료 예시기준 : 2형(일반암진단보장형), 기본형, 30세만기, 5세, 10년납, 월납 6. 보험가격지수 예시기준 : 2형(일반암진단보장형), 기본형, 30세만기, 가입금액 1,000만원, 5세, 10년납, 월납 ※ 태아를 피보험자로 할 경우 (무)주산기입원 및 통원보장특약을 의무부가함 ※ 2형(일반암진단보장형)을 가입할 경우 (무)소액암진단특약을 의무부가함",1588-6500,,,,,,child
DB생명,(무)백년친구 내가고른 어린이보험(2601)(표준형),주계약 및 특약 종합,어린이종합보장,재해로 3~100% 장해상태시,3000만원 × 장해 지급률,3000만원  원,"28,450 원","21,010 원",,,,,,,보장성_상품비교_20260608162103272.xls,DB생명,(무)백년친구 내가고른 어린이보험(2601)(표준형),주계약,재해장해 급여금,재해로 3~100% 장해상태시,3000만원 × 장해 지급률,3000만원  원,2490  원,"2,250  원",2.75 %,-,-,111.3 %,114.2 %,-,-,-,-,순수보장형,비갱신형,비유니버셜,대면채널,2026-01-01,"1. 상품형태 : 해약환급금 미지급형, 표준형 2. 보험기간 : 30세만기, 100세만기 3. 납입기간 : 10, 15, 20, 30년납 4. 가입연령 : 0세(태아포함) ~ 최고 15세 (납입기간별 상이) 5. 보험료 및 보험가격지수 예시기준 : 5세, 20년납, 100세만기, 가입금액 3000만원, 표준형",1588-3131,,,,,,child
DB생명,(무)백년친구 내가고른 어린이보험(2601)(해약환급금 미지급형),주계약 및 특약 종합,어린이종합보장,재해로 3~100% 장해상태시,3000만원 × 장해 지급률,3000만원  원,"20,880 원","16,220 원",,,,,,,보장성_상품비교_20260608162103272.xls,DB생명,(무)백년친구 내가고른 어린이보험(2601)(해약환급금 미지급형),주계약,재해장해 급여금,재해로 3~100% 장해상태시,3000만원 × 장해 지급률,3000만원  원,1920  원,"1,710  원",2.75 %,-,-,110 %,116.9 %,-,-,-,-,순수보장형,비갱신형,비유니버셜,대면채널,2026-01-01,"1. 상품형태 : 해약환급금 미지급형, 표준형 2. 보험기간 : 30세만기, 100세만기 3. 납입기간 : 10, 15, 20, 30년납 4. 가입연령 : 0세(태아포함) ~ 최고 15세 (납입기간별 상이) 5. 보험료 및 보험가격지수 예시기준 : 5세, 20년납, 100세만기, 가입금액 3000만원, 해약환급금 미지급형",1588-3131,,,,,,child
DB손보,(무)다이렉트자녀보험2605(CM),주계약 및 특약 종합,어린이종합보장,피보험자가 보험기간 중 뇌혈관질환으로 진단확정된 경우 보험가입금액 지급(1회한),"보험가입금액(1,000만원)","보험가입금액(1,000만원)","26,602 원","23,144 원",,,,,,,장기보장성 비교 공시 (3).xls,,DB손보,(무)다이렉트자녀보험2605(CM),뇌혈관질환진단비,피보험자가 보험기간 중 뇌혈관질환으로 진단확정된 경우 보험가입금액 지급(1회한),"보험가입금액(1,000만원)","26,602","23,144",98.1,110.6,,,,,,,,,,,,,,,,,,,,,child
DB손보,(무)아이(I)러브(LOVE)플러스건강보험2604(10종),주계약 및 특약 종합,어린이종합보장,피보험자가 보험기간 중 뇌혈관질환으로 진단확정된 경우 보험가입금액을 지급(1회한),"보험가입금액(5,000만원)","보험가입금액(5,000만원)","7,890 원","7,550 원",,,,,,,장기보장성 비교 공시 (3).xls,,DB손보,(무)아이(I)러브(LOVE)플러스건강보험2604(10종),뇌혈관질환진단비,피보험자가 보험기간 중 뇌혈관질환으로 진단확정된 경우 보험가입금액을 지급(1회한),"보험가입금액(5,000만원)","7,890","7,550",109.2,106.6,,,,,,,,,,,,,,,,,,,,,youth
DB손보,(무)아이(I)러브(LOVE)플러스건강보험2604(11종),주계약 및 특약 종합,어린이종합보장,피보험자가 보험기간 중 뇌혈관질환으로 진단확정된 경우 보험가입금액을 지급(1회한),"보험가입금액(5,000만원)","보험가입금액(5,000만원)","5,130 원","4,720 원",,,,,,,장기보장성 비교 공시 (3).xls,,DB손보,(무)아이(I)러브(LOVE)플러스건강보험2604(11종),뇌혈관질환진단비,피보험자가 보험기간 중 뇌혈관질환으로 진단확정된 경우 보험가입금액을 지급(1회한),"보험가입금액(5,000만원)","5,130","4,720",137.8,123.4,,,,,,,,,,,,,,,,,,,,,youth
DB손보,(무)아이(I)러브(LOVE)플러스건강보험2604(2종),주계약 및 특약 종합,어린이종합보장,피보험자가 보험기간 중 뇌혈관질환으로 진단확정된 경우 보험가입금액을 지급(1회한),"보험가입금액(5,000만원)","보험가입금액(5,000만원)","65,720 원","62,330 원",,,,,,,장기보장성 비교 공시 (3).xls,,DB손보,(무)아이(I)러브(LOVE)플러스건강보험2604(2종),뇌혈관질환진단비,피보험자가 보험기간 중 뇌혈관질환으로 진단확정된 경우 보험가입금액을 지급(1회한),"보험가입금액(5,000만원)","65,720","62,330",79.8,94.8,,,,,,,,,,,,,,,,,,,,,youth
DB손보,(무)아이(I)러브(LOVE)플러스건강보험2604(4종),주계약 및 특약 종합,어린이종합보장,피보험자가 보험기간 중 뇌혈관질환으로 진단확정된 경우 보험가입금액을 지급(1회한),"보험가입금액(5,000만원)","보험가입금액(5,000만원)","5,590 원","4,430 원",,,,,,,장기보장성 비교 공시 (3).xls,,DB손보,(무)아이(I)러브(LOVE)플러스건강보험2604(4종),뇌혈관질환진단비(갱신형),피보험자가 보험기간 중 뇌혈관질환으로 진단확정된 경우 보험가입금액을 지급(1회한),"보험가입금액(5,000만원)","5,590","4,430",208.5,176,,,,,,,,,,,,,,,,,,,,,youth
DB손보,(무)아이(I)러브(LOVE)플러스건강보험2604(8종),주계약 및 특약 종합,어린이종합보장,피보험자가 보험기간 중 뇌혈관질환으로 진단확정된 경우 보험가입금액을 지급(1회한),"보험가입금액(5,000만원)","보험가입금액(5,000만원)","66,610 원","63,280 원",,,,,,,장기보장성 비교 공시 (3).xls,,DB손보,(무)아이(I)러브(LOVE)플러스건강보험2604(8종),뇌혈관질환진단비,피보험자가 보험기간 중 뇌혈관질환으로 진단확정된 경우 보험가입금액을 지급(1회한),"보험가입금액(5,000만원)","66,610","63,280",80.2,95,,,,,,,,,,,,,,,,,,,,,youth
DB손보,(무)아이(I)러브(LOVE)플러스건강보험2604(9종),주계약 및 특약 종합,어린이종합보장,피보험자가 보험기간 중 뇌혈관질환으로 진단확정된 경우 보험가입금액을 지급(1회한),"보험가입금액(5,000만원)","보험가입금액(5,000만원)","50,800 원","48,610 원",,,,,,,장기보장성 비교 공시 (3).xls,,DB손보,(무)아이(I)러브(LOVE)플러스건강보험2604(9종),뇌혈관질환진단비,피보험자가 보험기간 중 뇌혈관질환으로 진단확정된 경우 보험가입금액을 지급(1회한),"보험가입금액(5,000만원)","50,800","48,610",94,111,,,,,,,,,,,,,,,,,,,,,youth
DB손보,(무)참좋은치아안심보험2510(자녀플랜),주계약 및 특약 종합,어린이종합보장,"피보험자가 해당 특별약관 보험기간 중 보장개시일 이후에 진단확정된 질병(치아우식증,치주질환) 또는 상해를 직접적인 원인으로 약관에서 정한 발치치료, 영구치 발거, 보철치료, 치조골이식 치료를 받은 경우",100만원,100만원,"11,606 원","13,666 원",,,,,,,장기보장성 비교 공시 (4).xls,,DB손보,(무)참좋은치아안심보험2510(자녀플랜),어린이치과치료비(발치/영구치상실/보철/치조골이식),"피보험자가 해당 특별약관 보험기간 중 보장개시일 이후에 진단확정된 질병(치아우식증,치주질환) 또는 상해를 직접적인 원인으로 약관에서 정한 발치치료, 영구치 발거, 보철치료, 치조골이식 치료를 받은 경우",100만원,"11,606","13,666",61.1,61,,,,,,,,,,,,,,,,,,,,,child
KB손보,KB 금쪽같은 자녀보험Plus(무배당)(26.04)_1종 1형(자녀 납입면제 환급형),주계약 및 특약 종합,어린이종합보장,보험기간중뇌혈관질환으로진단확정시,보험가입금액(최초1회한),보험가입금액(최초1회한),"24,524 원","18,442 원",,,,,,,장기보장성 비교 공시 (3).xls,,KB손보,KB 금쪽같은 자녀보험Plus(무배당)(26.04)_1종 1형(자녀 납입면제 환급형),뇌혈관질환진단비(감액없음),보험기간중뇌혈관질환으로진단확정시,보험가입금액(최초1회한),"24,524","18,442",89.5,86.9,,,,,,,,,,,,,,,,,,,,,child
KB손보,KB 금쪽같은 자녀보험Plus(무배당)(26.04)_1종 2형(자녀 납입면제 기본형),주계약 및 특약 종합,어린이종합보장,보험기간중뇌혈관질환으로진단확정시,보험가입금액(최초1회한),보험가입금액(최초1회한),"23,488 원","17,748 원",,,,,,,장기보장성 비교 공시 (3).xls,,KB손보,KB 금쪽같은 자녀보험Plus(무배당)(26.04)_1종 2형(자녀 납입면제 기본형),뇌혈관질환진단비(감액없음),보험기간중뇌혈관질환으로진단확정시,보험가입금액(최초1회한),"23,488","17,748",88.6,86.2,,,,,,,,,,,,,,,,,,,,,child
KB손보,KB 금쪽같은 자녀보험Plus(무배당)(26.04)_2종(자녀 납입면제 표준형 해약환급금의 50‰지급형(납입기간 이후)),주계약 및 특약 종합,어린이종합보장,보험기간중뇌혈관질환으로진단확정시,보험가입금액(최초1회한),보험가입금액(최초1회한),"17,974 원","13,824 원",,,,,,,장기보장성 비교 공시 (3).xls,,KB손보,KB 금쪽같은 자녀보험Plus(무배당)(26.04)_2종(자녀 납입면제 표준형 해약환급금의 50‰지급형(납입기간 이후)),뇌혈관질환진단비(감액없음),보험기간중뇌혈관질환으로진단확정시,보험가입금액(최초1회한),"17,974","13,824",104.9,102.7,,,,,,,,,,,,,,,,,,,,,child
KB손보,KB 다이렉트 자녀보험(무배당)(26.04)_1종,주계약 및 특약 종합,어린이종합보장,보험기간중 뇌혈관질환으로 진단확정시,보험가입금액(최초1회한),보험가입금액(최초1회한),"30,440 원","29,610 원",,,,,,,장기보장성 비교 공시 (3).xls,,KB손보,KB 다이렉트 자녀보험(무배당)(26.04)_1종,뇌혈관질환진단비(감액없음),보험기간중 뇌혈관질환으로 진단확정시,보험가입금액(최초1회한),"30,440","29,610",103.4,106.1,,,,,,,,,,,,,,,,,,,,,child
KB손보,KB 신생아지원프로젝트자녀보험(무배당)(26.01),주계약 및 특약 종합,어린이종합보장,보험기간 중 일반상해사고로 50%이상 후유장해시 가입금액을 20년간 지급사유 발생해당일에 매월 확정 지급,보험가입금액(최초1회한),보험가입금액(최초1회한),850 원,950 원,,,,,,,장기보장성 비교 공시 (3).xls,,KB손보,KB 신생아지원프로젝트자녀보험(무배당)(26.01),일반상해50%이상후유장해생활지원금(20년매년지급형),보험기간 중 일반상해사고로 50%이상 후유장해시 가입금액을 20년간 지급사유 발생해당일에 매월 확정 지급,보험가입금액(최초1회한),850,950,64.4,71.9,,,,,,,,,,,,,,,,,,,,,prenatal
KB손보,건강한 치아보험 이야기(무배당)(26.01)_자녀플랜,주계약 및 특약 종합,어린이종합보장,보험기간 중에 상해의 직접결과로써 약관내 골절분류표(약관참조)에서 정한 골절로 진단확정 된 경우 (연간 1회한),보험가입금액,보험가입금액,"15,003 원","17,436 원",,,,,,,장기보장성 비교 공시 (4).xls,,KB손보,건강한 치아보험 이야기(무배당)(26.01)_자녀플랜,골절진단비(치아파절포함)(연간1회한)【갱신계약】,보험기간 중에 상해의 직접결과로써 약관내 골절분류표(약관참조)에서 정한 골절로 진단확정 된 경우 (연간 1회한),보험가입금액,"15,003","17,436",90.9,90.8,,,,,,,,,,,,,,,,,,,,,child
교보라이프플래닛생명,(무)교보라플 아이사랑보험,주계약 및 특약 종합,어린이종합보장,"피보험자가 이 계약의 보험기간 중 「VDT증후군」으로 진단 확정되고, 그 「VDT증후군」의 치료를 직접적인 목적으로 1일 이상 계속하여 「입원」하는 경우 (1일이상 입원일수 1일당, 60일 한도)",1만원,"모든 보장 선택시, 보장계약별 기준보장금액","12,468 원","11,428 원",,,,,,,보장성_상품비교_20260608162103272.xls,교보라이프플래닛생명,(무)교보라플 아이사랑보험,주계약,"VDT증후군 입원비 (1일이상, 60일한도)","피보험자가 이 계약의 보험기간 중 「VDT증후군」으로 진단 확정되고, 그 「VDT증후군」의 치료를 직접적인 목적으로 1일 이상 계속하여 「입원」하는 경우 (1일이상 입원일수 1일당, 60일 한도)",1만원,"모든 보장 선택시, 보장계약별 기준보장금액",29925  원,"27,429  원",2.50 %,-,-,93.0 %,90.2 %,-,-,-,-,순수보장형,비갱신형,비유니버셜,CM,2026-01-01,"1. 가입나이 : 0세 ~ 15세 2. 보험기간 : 1년, 2년만기 3. 보험료 예시 기준 : 보장계약별 기준보장금액, 5세, 2년만기, 일시납 4. 보험료 납입기간 : 일시납 5. 보험료 납입주기 : 일시납 6. 보험가격지수 : 5세, 2년만기, 일시납, 모든 보장계약 선택 시, 보장계약별 기준보장금액",1566-0999,,,,,,youth
교보라이프플래닛생명,(무)교보라플 어린이보험(순수보장형),주계약 및 특약 종합,어린이종합보장,보험기간 중 피보험자가 「교통재해」를 원인으로 장해 분류표에서 정한 장해지급률 중 3%이상 100%이하에 해당하는 장해 상태가 되었을 경우,1억원 × 해당 장해지급률,"1,000만원","18,682 원","15,129 원",,,,,,,보장성_상품비교_20260608162103272.xls,교보라이프플래닛생명,(무)교보라플 어린이보험(순수보장형),주계약,교통재해 장해급여금,보험기간 중 피보험자가 「교통재해」를 원인으로 장해 분류표에서 정한 장해지급률 중 3%이상 100%이하에 해당하는 장해 상태가 되었을 경우,1억원 × 해당 장해지급률,"1,000만원",16480  원,"13,340  원",2.25 %,-,-,105.4 %,103.8 %,-,-,-,-,순수보장형,비갱신형,비유니버셜,CM,2026-04-01,"1. 가입나이 : 0세(태아포함) ~ 최고 15세 2. 보험기간 : 10년/20년만기, 30세만기 3. 보험료 예시 기준 : 순수보장형, 보험가입금액 1,000만원, 5세, 30세만기, 10년납, 월납 4. 보험료 납입기간 : 10년/15년/20년납, 전기납 5. 보험료 납입주기 : 월납 6. 가입한도 : 보험가입금액 최대 1,000만원 7. 보험가격지수 : 순수보장형, 보험가입금액 1,000만원, 5세, 30세만기, 10년납, 월납 8. 태아가입시 (무)주산기질환입원특약 및 (무)주산기질환수술특약 의무부가",1566-0999,,,,,,prenatal
교보라이프플래닛생명,(무)교보라플 어린이종합보험(순수보장형),주계약 및 특약 종합,어린이종합보장,보험기간 중 피보험자가 「교통재해」를 원인으로 장해 분류표에서 정한 장해지급률 중 3%이상 100%이하에 해당하는 장해 상태가 되었을 경우,1억원 × 해당 장해지급률,"1,000만원","33,972 원","28,279 원",,,,,,,보장성_상품비교_20260608162103272.xls,교보라이프플래닛생명,(무)교보라플 어린이종합보험(순수보장형),주계약,교통재해 장해급여금,보험기간 중 피보험자가 「교통재해」를 원인으로 장해 분류표에서 정한 장해지급률 중 3%이상 100%이하에 해당하는 장해 상태가 되었을 경우,1억원 × 해당 장해지급률,"1,000만원",21180  원,"17,660  원",2.25 %,-,-,103.9 %,101.9 %,-,-,-,-,순수보장형,비갱신형,비유니버셜,CM,2026-04-01,"1. 가입나이 : 0세(태아포함) ~ 최고 15세 2. 보험기간 : 10년/20년만기, 30세/80세/90세/100세만기 3. 보험료 예시 기준 : 순수보장형, 보험가입금액 1,000만원, 5세, 30세만기, 10년납, 월납 4. 보험료 납입기간 : 10년/15년/20년/30년납, 30세납 5. 보험료 납입주기 : 월납 6. 가입한도 : 보험가입금액 최대 1,000만원 7. 보험가격지수 : 순수보장형, 보험가입금액 1,000만원, 5세, 30세만기, 10년납, 월납 8. 태아가입시 (무)주산기질환입원특약 및 (무)주산기질환수술특약 의무부가 9. 다자녀 보험료 할인 : 다자녀 보험료 할인 신청을 통해 제2회 이후 월납보험료를 ‘형제자매(본인포함)’가 2인인 경우 3.0%, 3인 이상인 경우 5.0%를 할인(단, 일시납 제외)",1566-0999,,,,,,prenatal
교보생명,"교보우리아이보험 [2405](무배당,갱신형)",주계약 및 특약 종합,어린이종합보장,피보험자가 보험기간 중 발생한 “일반재해”를 원인으로 장해분류표에서 정한 각 장해지급률에 해당하는 장해상태가 되었을 경우 (태아위험보장),"6,000만원 X 해당 장해지급률","2,500만원","132,497 원","131,662 원",,,,,,,보장성_상품비교_20260608162103272.xls,교보생명,"교보우리아이보험 [2405](무배당,갱신형)",주계약,일반재해장해급여금,피보험자가 보험기간 중 발생한 “일반재해”를 원인으로 장해분류표에서 정한 각 장해지급률에 해당하는 장해상태가 되었을 경우 (태아위험보장),"6,000만원 X 해당 장해지급률","2,500만원",40000  원,"40,000  원",2.00 %,-,-,103.3 %,101.6 %,-,-,-,-,만기환급,갱신형,비유니버셜,대면채널,2026-04-01,"■필수기재사항 1. 가입나이 : 0세(태아 포함) ~ 15세(납입기간별로 상이함) 2. 보험기간 : 최초계약 30세만기, 갱신계약 15년만기(최대 보험기간 100세만기) ■선택기재사항 1. 단생 2. 보험료납입면제특약 의무부가 3. 보험료할인 : 다자녀가구 보험료 할인 4. 교보New헬스케어서비스어린이특화형&교보에듀케어서비스READ, 헬스케어멤버십서비스(제휴형) 4. 보험료 예시 : 5세, 10년납, 주계약 보험료 4만원, 가입금액 2,500만원, 보험료납입면제특약(의무부가)",02-1588-1001,,,,,,youth
농협손보,"(무)NH아이맘헤아림어린이보험[1종:해약환급금미지급형Ⅱ(납입중0‰,납입후50‰]2604",주계약 및 특약 종합,어린이종합보장,보험기간중에 뇌혈관질환으로 진단받은 경우(최초1회한),가입금액,가입금액,"18,202 원","11,407 원",,,,,,,장기보장성 비교 공시 (3).xls,,농협손보,"(무)NH아이맘헤아림어린이보험[1종:해약환급금미지급형Ⅱ(납입중0‰,납입후50‰]2604",뇌혈관질환진단비,보험기간중에 뇌혈관질환으로 진단받은 경우(최초1회한),가입금액,"18,202","11,407",89.5,78.3,,,,,,,,,,,,,,,,,,,,,child
농협손보,(무)NH아이맘헤아림어린이보험[2종:표준형]2604,주계약 및 특약 종합,어린이종합보장,보험기간중에 뇌혈관질환으로 진단받은 경우(최초1회한),가입금액,가입금액,"26,999 원","16,730 원",,,,,,,장기보장성 비교 공시 (3).xls,,농협손보,(무)NH아이맘헤아림어린이보험[2종:표준형]2604,뇌혈관질환진단비,보험기간중에 뇌혈관질환으로 진단받은 경우(최초1회한),가입금액,"26,999","16,730",96.4,83.2,,,,,,,,,,,,,,,,,,,,,child
동양생명,(무)우리WON하는꿈나무우리아이보험(만기환급형),주계약 및 특약 종합,어린이종합보장,보험기간이 끝날 때까지 살아있을 때,이미 납입한 주계약 보험료의 100%,"5,000만원","27,566 원","27,203 원",,,,,,,보장성_상품비교_20260608162103272.xls,동양생명,(무)우리WON하는꿈나무우리아이보험(만기환급형),주계약,만기 보험금,보험기간이 끝날 때까지 살아있을 때,이미 납입한 주계약 보험료의 100%,"5,000만원",65540  원,"64,815  원",2.90 %,-,-,83.2 %,82.6 %,-,-,-,-,만기환급,비갱신형,비유니버셜,대면채널  TM  기타,2026-01-01,"1. 가입나이 : 태아 ~ 최대 15세 2. 상품형태 : 해약환급금 미지급형, 표준형, 만기환급형 (자유설계형/종합설계형) 3. 보험기간: 30·80·100세만기 4. 보험료 예시기준: 주계약(가입금액 5,000만원, 만기환급형, 종합설계형, 30세만기, 10년납, 5세, 월납), 특약(표준형, 30세만기, 10년납, 5세, 월납) 5. 보험가격지수 예시기준: 주보험가입금액 5,000만원, 만기환급형, 종합설계형, 30세만기, 10년납, 5세, 월납",1577-1004,,,,,,prenatal
동양생명,(무)우리WON하는꿈나무우리아이보험(표준형),주계약 및 특약 종합,어린이종합보장,"보험기간 중 기타피부암, 갑상선암, 제자리암, 경계성종양으로 진단확정 되었을 때 또는 피보험자가 보험기간 중 암보장개시일 이후 고액치료비관련 암, 고액치료비관련 암 이외의 암으 로 진단확정 되었을 때(각각 최초1회에 한함)","고액치료비관련 암 : 1억원 고액치료비관련암이외의암 : 5,000만원 기타피부암 : 1,000만원 갑상선암 : 1,000만원 제자리암 : 1,000만원 경계성종양 : 1,000만원","5,000만원","67,257 원","65,624 원",,,,,,,보장성_상품비교_20260608162103272.xls,동양생명,(무)우리WON하는꿈나무우리아이보험(표준형),주계약,암진단비,"보험기간 중 기타피부암, 갑상선암, 제자리암, 경계성종양으로 진단확정 되었을 때 또는 피보험자가 보험기간 중 암보장개시일 이후 고액치료비관련 암, 고액치료비관련 암 이외의 암으 로 진단확정 되었을 때(각각 최초1회에 한함)","고액치료비관련 암 : 1억원 고액치료비관련암이외의암 : 5,000만원 기타피부암 : 1,000만원 갑상선암 : 1,000만원 제자리암 : 1,000만원 경계성종양 : 1,000만원","5,000만원",16040  원,"15,815  원",2.90 %,-,-,105.1 %,104.1 %,-,-,-,-,순수보장형,비갱신형,비유니버셜,대면채널  TM  기타,2026-01-01,"1. 가입나이 : 태아 ~ 최대 15세 2. 상품형태 : 해약환급금 미지급형, 표준형, 만기환급형 (자유설계형/종합설계형) 3. 보험기간: 20·25·30년만기, 30·80·100세만기 4. 보험료 예시기준: 주계약(가입금액 5,000만원, 표준형, 종합설계형, 30세만기, 10년납, 5세, 월납), 특약(표준형, 30세만기, 10년납, 5세, 월납) 5. 보험가격지수 예시기준: 주보험 가입금액 5,000만원, 표준형, 종합설계형, 30세만기, 10년납, 5세, 월납",1577-1004,,,,,,prenatal
동양생명,(무)우리WON하는꿈나무우리아이보험(해약환급금 미지급형),주계약 및 특약 종합,어린이종합보장,"보험기간 중 기타피부암, 갑상선암, 제자리암, 경계성종양으로 진단확정 되었을 때 또는 피보험자가 보험기간 중 암보장개시일 이후 고액치료비관련 암, 고액치료비관련 암 이외의 암으 로 진단확정 되었을 때(각각 최초1회에 한함)","고액치료비관련 암 : 1억원 고액치료비관련암이외의암 : 5,000만원 기타피부암 : 1,000만원 갑상선암 : 1,000만원 제자리암 : 1,000만원 경계성종양 : 1,000만원","5,000만원","11,006 원","9,904 원",,,,,,,보장성_상품비교_20260608162103272.xls,동양생명,(무)우리WON하는꿈나무우리아이보험(해약환급금 미지급형),주계약,암 진단비,"보험기간 중 기타피부암, 갑상선암, 제자리암, 경계성종양으로 진단확정 되었을 때 또는 피보험자가 보험기간 중 암보장개시일 이후 고액치료비관련 암, 고액치료비관련 암 이외의 암으 로 진단확정 되었을 때(각각 최초1회에 한함)","고액치료비관련 암 : 1억원 고액치료비관련암이외의암 : 5,000만원 기타피부암 : 1,000만원 갑상선암 : 1,000만원 제자리암 : 1,000만원 경계성종양 : 1,000만원","5,000만원",42355  원,"38,540  원",2.90 %,-,-,83.3 %,86.8 %,-,-,-,-,무해지/저해지환급,비갱신형,비유니버셜,대면채널  TM  기타,2026-01-01,"1. 가입나이 : 태아 ~ 최대 15세 2. 상품형태 : 해약환급금 미지급형, 표준형, 만기환급형 (자유설계형/종합설계형) 3. 보험기간: 20·25·30년만기, 30·80·100세만기 4. 보험료 예시기준: 주계약(가입금액 5,000만원, 해약환급금 미지급형, 종합설계형, 100세만기, 30년납, 5세, 월납), 특약(해약환급금 미지급형, 100세만기, 30년납, 5세, 월납) 5. 보험가격지수 예시기준: 주보험 가입금액 5,000만원, 해약환급금 미지급형, 종합설계형, 100세만기, 30년납, 5세, 월납",1577-1004,,,,,,youth
동양생명,(무)우리WON하는쑥쑥어린이보장보험,주계약 및 특약 종합,어린이종합보장,"피보험자가 보험기간 중 기타피부암 갑상선암 , 제자리암 , 경계성종양으로 진단확정 되었을 때 또는 피보험자가 보험기간 중 암보장개시일 이후 암으로 진단확정 되었을 때 (각각 최초 1 회한)","[최초 계약해당일로부터 20 년 경과시점 계약해당일 전일 이전] 암 5,000 만 원 기타피부암 :1,000 만원 갑상선암 : 1,000 만원 제자리암 : 1,000 만원 경계성종양 :1,000 만원","1,000만원  원","78,401 원","61,318 원",,,,,,,보장성_상품비교_20260608162103272.xls,동양생명,(무)우리WON하는쑥쑥어린이보장보험,주계약,암 진단비,"피보험자가 보험기간 중 기타피부암 갑상선암 , 제자리암 , 경계성종양으로 진단확정 되었을 때 또는 피보험자가 보험기간 중 암보장개시일 이후 암으로 진단확정 되었을 때 (각각 최초 1 회한)","[최초 계약해당일로부터 20 년 경과시점 계약해당일 전일 이전] 암 5,000 만 원 기타피부암 :1,000 만원 갑상선암 : 1,000 만원 제자리암 : 1,000 만원 경계성종양 :1,000 만원","1,000만원  원",144070  원,"109,790  원",2.75 %,-,-,95.4 %,94.9 %,-,-,-,-,무해지/저해지환급,비갱신형,비유니버셜,대면채널  TM  기타,2026-03-16,"1. 가입나이 : 태아 ~ 최대 15 세 2. 상품형태 : 해약환급금 일부지급형Ⅲ / 표준형(미판매) 3. 보험기간 : 100 · 110세만기 4. 보험료 예시기준 : 주계약(가입금액 1 ,000 만원 , 해약환급금 일부지급형Ⅲ, 3대질환보장형 , 100 세만기 , 30 년납 , 5 세 , 월납) 5. 보험가격지수 예시기준 : 주보험 가입금액 1 ,000 만원 , 해약환급금 일부지급형Ⅲ, 3대질환보장형 , 100 세만기 , 30 년납 , 5 세 , 월납",1577-1004,,,,,,prenatal
롯데손보,"(무) let:play 자녀보험(도담도담)(2604)_6종(100세만기,일반형)",주계약 및 특약 종합,어린이종합보장,"갑상선암, 기타피부암, 제자리암 또는 경계성종양으로 진단확정된 경우(각1회한)",보험가입금액,보험가입금액,"21,502 원","19,615 원",,,,,,,장기보장성 비교 공시 (3).xls,,롯데손보,"(무) let:play 자녀보험(도담도담)(2604)_6종(100세만기,일반형)",갑상선암·기타피부암·유사암진단비,"갑상선암, 기타피부암, 제자리암 또는 경계성종양으로 진단확정된 경우(각1회한)",보험가입금액,"21,502","19,615",79.6,72.4,,,,,,,,,,,,,,,,,,,,,child
롯데손보,"(무) let:play 자녀보험(도담도담)(2604)_9종(100세만기,해약환급금 미지급형Ⅱ)",주계약 및 특약 종합,어린이종합보장,"갑상선암, 기타피부암, 제자리암 또는 경계성종양으로 진단확정된 경우(각1회한)",보험가입금액,보험가입금액,"17,138 원","16,064 원",,,,,,,장기보장성 비교 공시 (3).xls,,롯데손보,"(무) let:play 자녀보험(도담도담)(2604)_9종(100세만기,해약환급금 미지급형Ⅱ)",갑상선암·기타피부암·유사암진단비,"갑상선암, 기타피부암, 제자리암 또는 경계성종양으로 진단확정된 경우(각1회한)",보험가입금액,"17,138","16,064",95.5,83.4,,,,,,,,,,,,,,,,,,,,,child
메리츠화재,(무) 내Mom같은 어린이보험2604(1종)(1형),주계약 및 특약 종합,어린이종합보장,보험기간 중 암보장개시일 이후에「암(유사암제외)」으로 진단확정되고 그 치료를 직접적인 목적으로 수술을 받은 때,500만원,500만원,"31,708 원","36,289 원",,,,,,,장기보장성 비교 공시 (3).xls,,메리츠화재,(무) 내Mom같은 어린이보험2604(1종)(1형),암수술비(유사암제외),보험기간 중 암보장개시일 이후에「암(유사암제외)」으로 진단확정되고 그 치료를 직접적인 목적으로 수술을 받은 때,500만원,"31,708","36,289",80.4,112.6,,,,,,,,,,,,,,,,,,,,,child
메리츠화재,(무) 내Mom같은 어린이보험2604(1종)(3형),주계약 및 특약 종합,어린이종합보장,보험기간 중 암보장개시일 이후에「암(유사암제외)」으로 진단확정되고 그 치료를 직접적인 목적으로 수술을 받은 때,500만원,500만원,"22,313 원","25,831 원",,,,,,,장기보장성 비교 공시 (3).xls,,메리츠화재,(무) 내Mom같은 어린이보험2604(1종)(3형),암수술비(유사암제외),보험기간 중 암보장개시일 이후에「암(유사암제외)」으로 진단확정되고 그 치료를 직접적인 목적으로 수술을 받은 때,500만원,"22,313","25,831",89,121.2,,,,,,,,,,,,,,,,,,,,,child
메리츠화재,(무) 내Mom같은 어린이보험2604(3종)(1형),주계약 및 특약 종합,어린이종합보장,보험기간 중 암보장개시일 이후에「암(유사암제외)」으로 진단확정되고 그 치료를 직접적인 목적으로 수술을 받은 때,500만원,500만원,"31,908 원","36,381 원",,,,,,,장기보장성 비교 공시 (3).xls,,메리츠화재,(무) 내Mom같은 어린이보험2604(3종)(1형),암수술비(유사암제외),보험기간 중 암보장개시일 이후에「암(유사암제외)」으로 진단확정되고 그 치료를 직접적인 목적으로 수술을 받은 때,500만원,"31,908","36,381",80.6,112.6,,,,,,,,,,,,,,,,,,,,,child
메리츠화재,(무) 내Mom같은 어린이보험2604(3종)(3형),주계약 및 특약 종합,어린이종합보장,보험기간 중 암보장개시일 이후에「암(유사암제외)」으로 진단확정되고 그 치료를 직접적인 목적으로 수술을 받은 때,500만원,500만원,"22,383 원","25,902 원",,,,,,,장기보장성 비교 공시 (3).xls,,메리츠화재,(무) 내Mom같은 어린이보험2604(3종)(3형),암수술비(유사암제외),보험기간 중 암보장개시일 이후에「암(유사암제외)」으로 진단확정되고 그 치료를 직접적인 목적으로 수술을 받은 때,500만원,"22,383","25,902",89.1,121.3,,,,,,,,,,,,,,,,,,,,,child
메트라이프생명,무배당 iLove아이보험,주계약 및 특약 종합,어린이종합보장,피보험자가 보험기간 중 어린이중요질환 또는 어린이생활질환의 직접적인 치료를 목적으로 수술을 받았을 때,"어린이중요질환 : 100만원, 어린이생활질환 : 25만원 (수술 1회당)",500만원,"19,100 원","12,500 원",,,,,,,보장성_상품비교_20260608162103272.xls,메트라이프생명,무배당 iLove아이보험,주계약,어린이질환 수술보험금,피보험자가 보험기간 중 어린이중요질환 또는 어린이생활질환의 직접적인 치료를 목적으로 수술을 받았을 때,"어린이중요질환 : 100만원, 어린이생활질환 : 25만원 (수술 1회당)",500만원,4750  원,"2,600  원",2.30 %,-,-,102.5 %,108.0 %,-,-,-,-,순수보장형,비갱신형,비유니버셜,CM,2024-04-01,"1. 가입나이: 0세~14세 2. 보험기간 : 1년만기 3. 납입기간 : 일시납 4. 가입금액 : 500만원 5. 보험가격지수 예시기준 : 1년만기, 일시납, 5세, 가입금액 500만원 6. 보험료 예시: 0세, 일시납, 1년만기, 가입금액 500만원 7. 상품특징 : 주계약과 특약의 합산 보험료가 가입나이 및 성별에 관계 없이 동일한 고정보험료형 상품이며, 주계약의 가입금액은 500만원으로 고정되고, 특약의 가입금액은 피보험자의 연령 및 성별에 따라 상이하게 자동 계산됩니다.",1588-9600,,,,,,youth
메트라이프생명,무배당 아이사랑 첫보험(50%만기환급형),주계약 및 특약 종합,어린이종합보장,피보험자가 보험기간이 끝날 때까지 살아있을 때,이미 납입한 보험료의 50%,"1,000만원","58,911 원","55,605 원",,,,,,,보장성_상품비교_20260608162103272.xls,메트라이프생명,무배당 아이사랑 첫보험(50%만기환급형),주계약,만기환급금,피보험자가 보험기간이 끝날 때까지 살아있을 때,이미 납입한 보험료의 50%,"1,000만원",46500  원,"44,100  원",2.30 %,-,-,146.5 %,151.4 %,-,-,-,-,만기환급,비갱신형,비유니버셜,대면채널,2025-04-01,"1. 가입나이: 0세~14세 2. 보험기간 : 40세 만기 3. 납입기간 : 가입나이 0세 부터 10세의 경우 10년납, 15년납, 20년납 / 가입나이 11세~12세의 경우 10년납, 15년납 / 가입나이 13세~14세의 경우 10년납 / 가입나이 태아형 1개월~10개월 전기납 4. 가입금액 : 1,000만원~2,000만원 5. 보험가격지수 예시기준 : 2종 50% 만기환급형, 40세만기 10년납, 월납, 5세, 가입금액 2,000만원 6. 보험료 예시: 2종 50% 만기환급형, 5세, 납입기간 10년, 40세만기, 가입금액 1,000만원(선택특약1~3 : 30세만기, 선택특약 4 : 30년만기) 7. 의무가입: 태아를 가입대상으로 한 계약의 경우, 출생전후기의 특정병태로 인한 수술과 입원 공백을 차단하기 위해 무배당주산기수술특약 및 무배당주산기입원특약을 의무부가함",1588-9600,,,,,,youth
메트라이프생명,무배당 아이사랑 첫보험(순수보장형),주계약 및 특약 종합,어린이종합보장,"피보험자가 보험기간 중 암, 기타피부암, 갑상선암, 제자리암, 경계성종양으로 진단확정 되었을 때","암 : 2,000만원, 경계성종양 : 200만원, 갑상선암 : 200만원, 기타피부암 : 200만원, 제자리암 : 200만원 (각각 최초 1회에 한함)","1,000만원","33,453 원","31,397 원",,,,,,,보장성_상품비교_20260608162103272.xls,메트라이프생명,무배당 아이사랑 첫보험(순수보장형),주계약,암진단보험금,"피보험자가 보험기간 중 암, 기타피부암, 갑상선암, 제자리암, 경계성종양으로 진단확정 되었을 때","암 : 2,000만원, 경계성종양 : 200만원, 갑상선암 : 200만원, 기타피부암 : 200만원, 제자리암 : 200만원 (각각 최초 1회에 한함)","1,000만원",28000  원,"26,500  원",2.30 %,-,-,132.1 %,141.6 %,-,-,-,-,순수보장형,비갱신형,비유니버셜,대면채널,2025-04-01,"1. 가입나이: 0세~15세 2. 보험기간 : 30세 만기, 40세 만기 3. 납입기간 : 가입나이 0세 부터 10세의 경우 10년납, 15년납, 20년납 / 가입나이 11세~15세의 경우 10년납, 15년납 / 가입나이 태아형 1개월~10개월 전기납 4. 가입금액 : 1,000만원~2,000만원 5. 보험가격지수 예시기준 : 순수보장형(1종), 30세만기 10년납, 월납, 5세, 가입금액 2,000만원 6. 보험료 예시: 순수보장형(1종),5세, 납입기간 10년, 주계약 40세만기, 가입금액 1,000만원(선택특약1~3 : 30세만기, 선택특약 4 : 30년만기) 7. 의무가입: 태아를 가입대상으로 한 계약의 경우, 출생전후기의 특정병태로 인한 수술과 입원 공백을 차단하기 위해 무배당주산기수술특약 및 무배당주산기입원특약을 의무부가함",1588-9600,,,,,,youth
삼성생명,삼성 우리아이 올바른 성장보험(2405)(무배당) 1종,주계약 및 특약 종합,어린이종합보장,"피보험자가 보험기간 중 암보장개시일 이후에 “암”으로 진단 확정 되었을 때 (단, 최초 1회에 한함)","3,000만원","3,000만원","54,347 원","54,368 원",,,,,,,보장성_상품비교_20260608162103272.xls,삼성생명,삼성 우리아이 올바른 성장보험(2405)(무배당) 1종,주계약,암진단보험금,"피보험자가 보험기간 중 암보장개시일 이후에 “암”으로 진단 확정 되었을 때 (단, 최초 1회에 한함)","3,000만원","3,000만원",108300  원,"108,300  원",2.50 %,-,-,109.8 %,108.5 %,-,-,-,-,만기환급,비갱신형,비유니버셜,대면채널,2024-05-01,"□ 필수기재사항 1. 가입나이 : 태아 ~ 15세 2. 보험기간 : 30세만기 3. 보험료(주걔약) 예시기준  -피보험자 5세, 30세만기, 10년 월납 주보험 보장계약 보험가입금액 3,000만원,  의무 부가특약 소액암진단특약ⅡK(무배당) 600만원 4. 보험료(특약) 예시기준  -피보험자 5세, 30세만기, 10년 월납 □ 선택기재사항 1. 보험가격지수 기준  - 5세, 보험기간 30세만기(25년), 납입기간 10년납, 월납, 보험가입금액 3,000만원",1588-3114,,,,,,youth
삼성생명,삼성 우리아이 올바른 성장보험(2405)(무배당) 2종,주계약 및 특약 종합,어린이종합보장,"피보험자가 보험기간 중 암보장개시일 이후에 “암”으로 진단 확정 되었을 때 (단, 최초 1회에 한함)","3,000만원","3,000만원","23,115 원","15,663 원",,,,,,,보장성_상품비교_20260608162103272.xls,삼성생명,삼성 우리아이 올바른 성장보험(2405)(무배당) 2종,주계약,암진단보험금,"피보험자가 보험기간 중 암보장개시일 이후에 “암”으로 진단 확정 되었을 때 (단, 최초 1회에 한함)","3,000만원","3,000만원",58200  원,"38,700  원",2.50 %,-,-,93.6 %,91.7 %,-,-,-,-,순수보장형,비갱신형,비유니버셜,대면채널,2024-05-01,"□ 필수기재사항 1. 가입나이 : 태아 ~ 15세 2. 보험기간 : 100세만기 3. 보험료(주걔약) 예시기준  -피보험자 5세, 100세만기, 10년 월납 주보험 보장계약 보험가입금액 3,000만원,  의무 부가특약 소액암진단특약ⅡK(무배당) 600만원 4. 보험료(특약) 예시기준  -피보험자 5세, 100세만기, 10년 월납 □ 선택기재사항 1. 보험가격지수 기준  - 5세, 보험기간 100세만기(95년), 납입기간 10년납, 월납, 보험가입금액 3,000만원",1588-3114,,,,,,youth
삼성화재,무배당 삼성화재 다이렉트 어린이보험(2601.19)(자동갱신형),주계약 및 특약 종합,어린이종합보장,보험기간 중 약관에 정한 뇌혈관질환(뇌졸중포함)으로 진단 확정된 경우,가입금액,가입금액,"4,700 원","4,960 원",,,,,,,장기보장성 비교 공시 (3).xls,,삼성화재,무배당 삼성화재 다이렉트 어린이보험(2601.19)(자동갱신형),뇌혈관질환 진단비(감액없음),보험기간 중 약관에 정한 뇌혈관질환(뇌졸중포함)으로 진단 확정된 경우,가입금액,"4,700","4,960",118.7,113.6,,,,,,,,,,,,,,,,,,,,,child
삼성화재,무배당 삼성화재 자녀보험 NEW 마이 슈퍼스타(2601.6) 1종(일반형),주계약 및 특약 종합,어린이종합보장,보험기간 중 약관에 정한 뇌혈관질환(뇌졸중포함)으로 진단 확정된 경우 가입금액 지급(최초 1회한),가입금액 한도,가입금액 한도,"12,354 원","10,054 원",,,,,,,장기보장성 비교 공시 (3).xls,,삼성화재,무배당 삼성화재 자녀보험 NEW 마이 슈퍼스타(2601.6) 1종(일반형),뇌혈관질환 진단비,보험기간 중 약관에 정한 뇌혈관질환(뇌졸중포함)으로 진단 확정된 경우 가입금액 지급(최초 1회한),가입금액 한도,"148,250","120,650",88.1,90.8,,,,,,,,,,,,,,,,,,,,,child
삼성화재,무배당 삼성화재 자녀보험 NEW 마이 슈퍼스타(2601.6) 2종(납입면제형),주계약 및 특약 종합,어린이종합보장,보험기간 중 약관에 정한 뇌혈관질환(뇌졸중포함)으로 진단 확정된 경우 가입금액 지급(최초 1회한),가입금액 한도,가입금액 한도,"12,794 원","10,446 원",,,,,,,장기보장성 비교 공시 (3).xls,,삼성화재,무배당 삼성화재 자녀보험 NEW 마이 슈퍼스타(2601.6) 2종(납입면제형),뇌혈관질환 진단비,보험기간 중 약관에 정한 뇌혈관질환(뇌졸중포함)으로 진단 확정된 경우 가입금액 지급(최초 1회한),가입금액 한도,"153,528","125,359",88.5,91.1,,,,,,,,,,,,,,,,,,,,,child
삼성화재,무배당 삼성화재 자녀보험 NEW 마이 슈퍼스타(2601.6) 3종(납입면제/해약환급금 미지급형Ⅱ),주계약 및 특약 종합,어린이종합보장,보험기간 중 약관에 정한 뇌혈관질환(뇌졸중포함)으로 진단 확정된 경우 가입금액 지급(최초 1회한),가입금액 한도,가입금액 한도,"9,639 원","7,982 원",,,,,,,장기보장성 비교 공시 (3).xls,,삼성화재,무배당 삼성화재 자녀보험 NEW 마이 슈퍼스타(2601.6) 3종(납입면제/해약환급금 미지급형Ⅱ),뇌혈관질환 진단비,보험기간 중 약관에 정한 뇌혈관질환(뇌졸중포함)으로 진단 확정된 경우 가입금액 지급(최초 1회한),가입금액 한도,"115,679","95,785",102,103.8,,,,,,,,,,,,,,,,,,,,,child
삼성화재,무배당 삼성화재 자녀보험 꿈나무(2601.7),주계약 및 특약 종합,어린이종합보장,보험기간 중 약관에 정한 뇌혈관질환(뇌졸중포함)으로 진단 확정된 경우 가입금액 지급(최초 1회한),가입금액 한도,가입금액 한도,"5,200 원","5,910 원",,,,,,,장기보장성 비교 공시 (3).xls,,삼성화재,무배당 삼성화재 자녀보험 꿈나무(2601.7),뇌혈관질환 진단비,보험기간 중 약관에 정한 뇌혈관질환(뇌졸중포함)으로 진단 확정된 경우 가입금액 지급(최초 1회한),가입금액 한도,"5,200","5,910",114.1,108.7,,,,,,,,,,,,,,,,,,,,,child
카카오페이손해보험,(무)선물하는자녀보험2601,주계약 및 특약 종합,어린이종합보장,상해로 인한 골절로 진단을 받은 경우,10만원,10만원,"15,772 원","16,353 원",,,,,,,장기보장성 비교 공시 (3).xls,,카카오페이손해보험,(무)선물하는자녀보험2601,골절진단비,상해로 인한 골절로 진단을 받은 경우,10만원,"189,268","196,245",93.7,94,,,,,,,,,,,,,,,,,,,,,child
한화손보,한화 건강쑥쑥 어린이보험 (무)2604 1종(기본형),주계약 및 특약 종합,어린이종합보장,"약관에서 정한 '4대유사암'('기타피부암', '갑상선암', '제자리암', '경계성종양')으로 진단확정시(세부보장별로 각각 최초 1회한)",보험가입금액,보험가입금액,"28,700 원","27,290 원",,,,,,,장기보장성 비교 공시 (3).xls,,한화손보,한화 건강쑥쑥 어린이보험 (무)2604 1종(기본형),4대유사암진단비,"약관에서 정한 '4대유사암'('기타피부암', '갑상선암', '제자리암', '경계성종양')으로 진단확정시(세부보장별로 각각 최초 1회한)",보험가입금액,"28,700","27,290",101.3,113.4,,,,,,,,,,,,,,,,,,,,,child
한화손보,한화 건강쑥쑥 어린이보험 (무)2604 2종(납입후50%해약환급금지급형),주계약 및 특약 종합,어린이종합보장,"약관에서 정한 '4대유사암'('기타피부암', '갑상선암', '제자리암', '경계성종양')으로 진단확정시(세부보장별로 각각 최초 1회한)",보험가입금액,보험가입금액,"20,830 원","20,190 원",,,,,,,장기보장성 비교 공시 (3).xls,,한화손보,한화 건강쑥쑥 어린이보험 (무)2604 2종(납입후50%해약환급금지급형),4대유사암진단비,"약관에서 정한 '4대유사암'('기타피부암', '갑상선암', '제자리암', '경계성종양')으로 진단확정시(세부보장별로 각각 최초 1회한)",보험가입금액,"20,830","20,190",110.8,123.3,,,,,,,,,,,,,,,,,,,,,child
현대해상,(무)현대해상굿앤굿어린이종합보험Q(Hi2601) 1종,주계약 및 특약 종합,어린이종합보장,뇌혈관질환으로 진단확정된 경우,1000만원,1000만원,"26,841 원","21,019 원",,,,,,,장기보장성 비교 공시 (3).xls,,현대해상,(무)현대해상굿앤굿어린이종합보험Q(Hi2601) 1종,뇌혈관질환진단,뇌혈관질환으로 진단확정된 경우,1000만원,"26,841","21,019",98.2,101.1,,,,,,,,,,,,,,,,,,,,,prenatal
현대해상,(무)현대해상굿앤굿어린이종합보험Q(Hi2601) 2종,주계약 및 특약 종합,어린이종합보장,뇌혈관질환으로 진단확정된 경우,1000만원,1000만원,"21,171 원","16,798 원",,,,,,,장기보장성 비교 공시 (3).xls,,현대해상,(무)현대해상굿앤굿어린이종합보험Q(Hi2601) 2종,뇌혈관질환진단,뇌혈관질환으로 진단확정된 경우,1000만원,"21,171","16,798",116,119,,,,,,,,,,,,,,,,,,,,,prenatal
현대해상,(무)현대해상굿앤굿어린이종합보험Q(Hi2601) 3종,주계약 및 특약 종합,어린이종합보장,뇌혈관질환으로 진단확정된 경우,1000만원,1000만원,"3,722 원","3,026 원",,,,,,,장기보장성 비교 공시 (3).xls,,현대해상,(무)현대해상굿앤굿어린이종합보험Q(Hi2601) 3종,뇌혈관질환진단,뇌혈관질환으로 진단확정된 경우,1000만원,"3,722","3,026",113.5,118.6,,,,,,,,,,,,,,,,,,,,,prenatal
현대해상,(무)현대해상굿앤굿어린이치아보험(Hi2601),주계약 및 특약 종합,어린이종합보장,"Angle씨 부정교합 Ⅱ급 또는 Ⅲ급으로 교정치료가 필요하다는 치과의사의 진단이 있는 경우Angle씨 부정교합 Ⅰ급 또는 Ⅱ급 또는 Ⅲ급으로 악정형(턱) 교정치료를 받은 경우Angle씨 부정교합 Ⅰ급 또는 Ⅱ급 또는 Ⅲ급으로 치아교정치료를 받은 경우상해 또는 질병으로 치아촬영(X-ray, 파노라마)을 한 경우",200만원,200만원,"35,631 원","40,970 원",,,,,,,장기보장성 비교 공시 (4).xls,,현대해상,(무)현대해상굿앤굿어린이치아보험(Hi2601),교정치료Ⅰ,"Angle씨 부정교합 Ⅱ급 또는 Ⅲ급으로 교정치료가 필요하다는 치과의사의 진단이 있는 경우Angle씨 부정교합 Ⅰ급 또는 Ⅱ급 또는 Ⅲ급으로 악정형(턱) 교정치료를 받은 경우Angle씨 부정교합 Ⅰ급 또는 Ⅱ급 또는 Ⅲ급으로 치아교정치료를 받은 경우상해 또는 질병으로 치아촬영(X-ray, 파노라마)을 한 경우",200만원,"35,631","40,970",106.6,104.8,,,,,,,,,,,,,,,,,,,,,prenatal
현대해상,(무)현대해상다이렉트굿앤굿어린이종합보험Q(Hi2601),주계약 및 특약 종합,어린이종합보장,뇌혈관질환(Ⅰ)으로 진단확정된 경우,1000만원,1000만원,"2,562 원","2,354 원",,,,,,,장기보장성 비교 공시 (3).xls,,현대해상,(무)현대해상다이렉트굿앤굿어린이종합보험Q(Hi2601),뇌혈관질환(Ⅰ)진단,뇌혈관질환(Ⅰ)으로 진단확정된 경우,1000만원,"2,562","2,354",104.5,113.1,,,,,,,,,,,,,,,,,,,,,prenatal
현대해상,(무)현대해상다이렉트굿앤굿어린이치아보험(Hi2601),주계약 및 특약 종합,어린이종합보장,"Angle씨 부정교합 Ⅱ급 또는 Ⅲ급으로 교정치료가 필요하다는 치과의사의 진단이 있는 경우Angle씨 부정교합 Ⅰ급 또는 Ⅱ급 또는 Ⅲ급으로 악정형(턱) 교정치료를 받은 경우Angle씨 부정교합 Ⅰ급 또는 Ⅱ급 또는 Ⅲ급으로 치아교정치료를 받은 경우상해 또는 질병으로 치아촬영(X-ray, 파노라마)을 한 경우",200만원,200만원,"32,438 원","38,107 원",,,,,,,장기보장성 비교 공시 (4).xls,,현대해상,(무)현대해상다이렉트굿앤굿어린이치아보험(Hi2601),교정치료Ⅰ,"Angle씨 부정교합 Ⅱ급 또는 Ⅲ급으로 교정치료가 필요하다는 치과의사의 진단이 있는 경우Angle씨 부정교합 Ⅰ급 또는 Ⅱ급 또는 Ⅲ급으로 악정형(턱) 교정치료를 받은 경우Angle씨 부정교합 Ⅰ급 또는 Ⅱ급 또는 Ⅲ급으로 치아교정치료를 받은 경우상해 또는 질병으로 치아촬영(X-ray, 파노라마)을 한 경우",200만원,"32,438","38,107",96.3,97.4,,,,,,,,,,,,,,,,,,,,,prenatal
흥국화재,무배당 흥Good 뉴키즈 자녀보험(26.05)_(1종)(해약환급금지급형),주계약 및 특약 종합,어린이종합보장,일반상해로 3~100% 후유장해시,보험가입금액,보험가입금액,"68,900 원","58,860 원",,,,,,,장기보장성 비교 공시 (3).xls,,흥국화재,무배당 흥Good 뉴키즈 자녀보험(26.05)_(1종)(해약환급금지급형),기본계약(일반상해후유장해(3~100%)),일반상해로 3~100% 후유장해시,보험가입금액,"68,900","58,860",83.5,89.2,,,,,,,,,,,,,,,,,,,,,child
흥국화재,무배당 흥Good 뉴키즈 자녀보험(26.05)_(2종)(납입후 해약환급금지급형의 50‰지급형),주계약 및 특약 종합,어린이종합보장,일반상해로 3~100% 후유장해시,보험가입금액,보험가입금액,"50,030 원","42,130 원",,,,,,,장기보장성 비교 공시 (3).xls,,흥국화재,무배당 흥Good 뉴키즈 자녀보험(26.05)_(2종)(납입후 해약환급금지급형의 50‰지급형),기본계약(일반상해후유장해(3~100%)),일반상해로 3~100% 후유장해시,보험가입금액,"50,030","42,130",93.2,97,,,,,,,,,,,,,,,,,,,,,child
흥국화재,무배당 흥Good 뉴키즈 자녀보험(26.05)_(3종)(납입후 표준형환급률 동일지급형),주계약 및 특약 종합,어린이종합보장,일반상해로 3~100% 후유장해시,보험가입금액,보험가입금액,"56,670 원","48,760 원",,,,,,,장기보장성 비교 공시 (3).xls,,흥국화재,무배당 흥Good 뉴키즈 자녀보험(26.05)_(3종)(납입후 표준형환급률 동일지급형),기본계약(일반상해후유장해(3~100%)),일반상해로 3~100% 후유장해시,보험가입금액,"56,670","48,760",94.7,101.4,,,,,,,,,,,,,,,,,,,,,child
