보험회사,상품명,구분,담보명(급부명),지급사유,지급금액,가입금액,남성보험료,여성보험료,기준보험료,가입보험료,적용이율,갱신구분,판매채널,기준일자,상세안내,연락처,source_file,원본_열_0,원본_열_1,원본_열_2,원본_열_3,원본_열_4,원본_열_5,원본_열_6,원본_열_7,원본_열_8,원본_열_9,원본_열_10,원본_열_11,원본_열_12,원본_열_13,원본_열_14,원본_열_15,원본_열_16,원본_열_17,원본_열_18,원본_열_19,원본_열_20,원본_열_21,원본_열_22,원본_열_23,원본_열_24,원본_열_25,원본_열_26,원본_열_27
메리츠화재,(무) 펫퍼민트 Cat&Family보험 다이렉트2604,(무) 펫퍼민트 Cat&Family보험 다이렉트2604,일반상해80%이상후유장해,상해로 장해지급률이 80%이상에 해당하는 장해상태가 되었을 때,1억원,"32,432","32,432 원",98 원,98 원,,,비갱신형,,,,,장기보장성 비교 공시 (10).xls,,메리츠화재,(무) 펫퍼민트 Cat&Family보험 다이렉트2604,일반상해80%이상후유장해,상해로 장해지급률이 80%이상에 해당하는 장해상태가 되었을 때,1억원,"32,432","32,332",98.7,98.7,,,,,,,,,,,,,,,,,,
메리츠화재,(무) 펫퍼민트 Cat&Family보험 다이렉트2604,,펫퍼민트 반려묘 입원의료비보장,반려동물에게 질병 또는 상해가 발생하여 그 치료를 직접적인 목적으로 국내 동물병원에 입원하여 수의사에게 치료를 받은 때 피보험자가 부담한 치료비에서 자기부담금을 차감한 금액의 80% 지급한도액 내에서 보상,500만원 한도,,,,,,,비갱신형,,,,,장기보장성 비교 공시 (10).xls,,,,펫퍼민트 반려묘 입원의료비보장,반려동물에게 질병 또는 상해가 발생하여 그 치료를 직접적인 목적으로 국내 동물병원에 입원하여 수의사에게 치료를 받은 때 피보험자가 부담한 치료비에서 자기부담금을 차감한 금액의 80% 지급한도액 내에서 보상,500만원 한도,,,,,,,,,,,,,,,,,,,,,,
메리츠화재,(무) 펫퍼민트 Cat&Family보험 다이렉트2604,,펫퍼민트 반려묘 통원의료비보장,반려동물에게 질병 또는 상해가 발생하여 그 치료를 직접적인 목적으로 국내 동물병원에 통원하여 수의사에게 치료를 받은 때 피보험자가 부담한 치료비에서 자기부담금을 차감한 금액의 80% 지급한도액 내에서 보상,,,,,,,,비갱신형,,,,,장기보장성 비교 공시 (10).xls,,,,펫퍼민트 반려묘 통원의료비보장,반려동물에게 질병 또는 상해가 발생하여 그 치료를 직접적인 목적으로 국내 동물병원에 통원하여 수의사에게 치료를 받은 때 피보험자가 부담한 치료비에서 자기부담금을 차감한 금액의 80% 지급한도액 내에서 보상,,,,,,,,,,,,,,,,,,,,,,,
메리츠화재,(무) 펫퍼민트 Puppy&Family보험 다이렉트2604,(무) 펫퍼민트 Puppy&Family보험 다이렉트2604,갱신형 펫퍼민트 반려견 배상책임보장,반려견의 행위에 기인하는 우연한 사고로 피해자에게 신체의 장해에 대한 법률상의 배상책임 또는 타인 소유의 반려동물에 손해를 입혀 그에 대한 배상책임 부담시 자기부담금을 차감한 금액의 지급한도액 내에서 보상,1000만원 한도,"33,971","33,971 원",110 원,110 원,,,비갱신형,,,,,장기보장성 비교 공시 (10).xls,,메리츠화재,(무) 펫퍼민트 Puppy&Family보험 다이렉트2604,갱신형 펫퍼민트 반려견 배상책임보장,반려견의 행위에 기인하는 우연한 사고로 피해자에게 신체의 장해에 대한 법률상의 배상책임 또는 타인 소유의 반려동물에 손해를 입혀 그에 대한 배상책임 부담시 자기부담금을 차감한 금액의 지급한도액 내에서 보상,1000만원 한도,"33,971","33,871",110.3,110.3,,,,,,,,,,,,,,,,,,
메리츠화재,(무) 펫퍼민트 Puppy&Family보험 다이렉트2604,,일반상해80%이상후유장해,상해로 장해지급률이 80%이상에 해당하는 장해상태가 되었을 때,1억원,,,,,,,비갱신형,,,,,장기보장성 비교 공시 (10).xls,,,,일반상해80%이상후유장해,상해로 장해지급률이 80%이상에 해당하는 장해상태가 되었을 때,1억원,,,,,,,,,,,,,,,,,,,,,,
메리츠화재,(무) 펫퍼민트 Puppy&Family보험 다이렉트2604,,펫퍼민트 반려견 입원의료비보장,반려동물에게 질병 또는 상해가 발생하여 그 치료를 직접적인 목적으로 국내 동물병원에 입원하여 수의사에게 치료를 받은 때 피보험자가 부담한 치료비에서 자기부담금을 차감한 금액의 80% 지급한도액 내에서 보상,500만원 한도,,,,,,,비갱신형,,,,,장기보장성 비교 공시 (10).xls,,,,펫퍼민트 반려견 입원의료비보장,반려동물에게 질병 또는 상해가 발생하여 그 치료를 직접적인 목적으로 국내 동물병원에 입원하여 수의사에게 치료를 받은 때 피보험자가 부담한 치료비에서 자기부담금을 차감한 금액의 80% 지급한도액 내에서 보상,500만원 한도,,,,,,,,,,,,,,,,,,,,,,
메리츠화재,(무) 펫퍼민트 Puppy&Family보험 다이렉트2604,,펫퍼민트 반려견 통원의료비보장,반려동물에게 질병 또는 상해가 발생하여 그 치료를 직접적인 목적으로 국내 동물병원에 통원하여 수의사에게 치료를 받은 때 피보험자가 부담한 치료비에서 자기부담금을 차감한 금액의 80% 지급한도액 내에서 보상,,,,,,,,비갱신형,,,,,장기보장성 비교 공시 (10).xls,,,,펫퍼민트 반려견 통원의료비보장,반려동물에게 질병 또는 상해가 발생하여 그 치료를 직접적인 목적으로 국내 동물병원에 통원하여 수의사에게 치료를 받은 때 피보험자가 부담한 치료비에서 자기부담금을 차감한 금액의 80% 지급한도액 내에서 보상,,,,,,,,,,,,,,,,,,,,,,,
메리츠화재,(무) 펫퍼민트 Cat&Family보험2604,(무) 펫퍼민트 Cat&Family보험2604,일반상해80%이상후유장해,상해로 장해지급률이 80%이상에 해당하는 장해상태가 되었을 때,1억원,"34,465","34,465 원",104 원,104 원,,,비갱신형,,,,,장기보장성 비교 공시 (10).xls,,메리츠화재,(무) 펫퍼민트 Cat&Family보험2604,일반상해80%이상후유장해,상해로 장해지급률이 80%이상에 해당하는 장해상태가 되었을 때,1억원,"34,465","34,365",104.9,104.9,,,,,,,,,,,,,,,,,,
메리츠화재,(무) 펫퍼민트 Cat&Family보험2604,,펫퍼민트 반려묘 입원의료비보장,반려동물에게 질병 또는 상해가 발생하여 그 치료를 직접적인 목적으로 국내 동물병원에 입원하여 수의사에게 치료를 받은 때 피보험자가 부담한 치료비에서 자기부담금을 차감한 금액의 80% 지급한도액 내에서 보상,500만원 한도,,,,,,,비갱신형,,,,,장기보장성 비교 공시 (10).xls,,,,펫퍼민트 반려묘 입원의료비보장,반려동물에게 질병 또는 상해가 발생하여 그 치료를 직접적인 목적으로 국내 동물병원에 입원하여 수의사에게 치료를 받은 때 피보험자가 부담한 치료비에서 자기부담금을 차감한 금액의 80% 지급한도액 내에서 보상,500만원 한도,,,,,,,,,,,,,,,,,,,,,,
메리츠화재,(무) 펫퍼민트 Cat&Family보험2604,,펫퍼민트 반려묘 통원의료비보장,반려동물에게 질병 또는 상해가 발생하여 그 치료를 직접적인 목적으로 국내 동물병원에 통원하여 수의사에게 치료를 받은 때 피보험자가 부담한 치료비에서 자기부담금을 차감한 금액의 80% 지급한도액 내에서 보상,,,,,,,,비갱신형,,,,,장기보장성 비교 공시 (10).xls,,,,펫퍼민트 반려묘 통원의료비보장,반려동물에게 질병 또는 상해가 발생하여 그 치료를 직접적인 목적으로 국내 동물병원에 통원하여 수의사에게 치료를 받은 때 피보험자가 부담한 치료비에서 자기부담금을 차감한 금액의 80% 지급한도액 내에서 보상,,,,,,,,,,,,,,,,,,,,,,,
메리츠화재,(무) 펫퍼민트 Puppy&Family보험2604,(무) 펫퍼민트 Puppy&Family보험2604,갱신형 펫퍼민트 반려견 배상책임보장,반려견의 행위에 기인하는 우연한 사고로 피해자에게 신체의 장해에 대한 법률상의 배상책임 또는 타인 소유의 반려동물에 손해를 입혀 그에 대한 배상책임 부담시 자기부담금을 차감한 금액의 지급한도액 내에서 보상,1000만원 한도,"37,461","37,461 원",121 원,121 원,,,비갱신형,,,,,장기보장성 비교 공시 (10).xls,,메리츠화재,(무) 펫퍼민트 Puppy&Family보험2604,갱신형 펫퍼민트 반려견 배상책임보장,반려견의 행위에 기인하는 우연한 사고로 피해자에게 신체의 장해에 대한 법률상의 배상책임 또는 타인 소유의 반려동물에 손해를 입혀 그에 대한 배상책임 부담시 자기부담금을 차감한 금액의 지급한도액 내에서 보상,1000만원 한도,"37,461","37,361",121.6,121.7,,,,,,,,,,,,,,,,,,
메리츠화재,(무) 펫퍼민트 Puppy&Family보험2604,,일반상해80%이상후유장해,상해로 장해지급률이 80%이상에 해당하는 장해상태가 되었을 때,1억원,,,,,,,비갱신형,,,,,장기보장성 비교 공시 (10).xls,,,,일반상해80%이상후유장해,상해로 장해지급률이 80%이상에 해당하는 장해상태가 되었을 때,1억원,,,,,,,,,,,,,,,,,,,,,,
메리츠화재,(무) 펫퍼민트 Puppy&Family보험2604,,펫퍼민트 반려견 입원의료비보장,반려동물에게 질병 또는 상해가 발생하여 그 치료를 직접적인 목적으로 국내 동물병원에 입원하여 수의사에게 치료를 받은 때 피보험자가 부담한 치료비에서 자기부담금을 차감한 금액의 80% 지급한도액 내에서 보상,500만원 한도,,,,,,,비갱신형,,,,,장기보장성 비교 공시 (10).xls,,,,펫퍼민트 반려견 입원의료비보장,반려동물에게 질병 또는 상해가 발생하여 그 치료를 직접적인 목적으로 국내 동물병원에 입원하여 수의사에게 치료를 받은 때 피보험자가 부담한 치료비에서 자기부담금을 차감한 금액의 80% 지급한도액 내에서 보상,500만원 한도,,,,,,,,,,,,,,,,,,,,,,
메리츠화재,(무) 펫퍼민트 Puppy&Family보험2604,,펫퍼민트 반려견 통원의료비보장,반려동물에게 질병 또는 상해가 발생하여 그 치료를 직접적인 목적으로 국내 동물병원에 통원하여 수의사에게 치료를 받은 때 피보험자가 부담한 치료비에서 자기부담금을 차감한 금액의 80% 지급한도액 내에서 보상,,,,,,,,비갱신형,,,,,장기보장성 비교 공시 (10).xls,,,,펫퍼민트 반려견 통원의료비보장,반려동물에게 질병 또는 상해가 발생하여 그 치료를 직접적인 목적으로 국내 동물병원에 통원하여 수의사에게 치료를 받은 때 피보험자가 부담한 치료비에서 자기부담금을 차감한 금액의 80% 지급한도액 내에서 보상,,,,,,,,,,,,,,,,,,,,,,,
삼성화재,무배당 삼성화재 다이렉트 착한펫보험(강아지)(2601.6),무배당 삼성화재 다이렉트 착한펫보험(강아지)(2601.6),[갱신형] 반려견 배상책임,보험증권에 기재된 피보험자의 반려견의 행위에 기인하는 우연한 사고로 타인의 신체의 피해(대인) 또는 타인의 반려동물의 손해(대물)에 대한 법률상배상책임을 부담함으로써 입은 손해 발생시 가입금액을 한도로 보상※ 1사고당 자기부담금 : 10만원,가입금액 한도,"25,725","25,725 원",94 원,94 원,,,비갱신형,,,,,장기보장성 비교 공시 (10).xls,,삼성화재,무배당 삼성화재 다이렉트 착한펫보험(강아지)(2601.6),[갱신형] 반려견 배상책임,보험증권에 기재된 피보험자의 반려견의 행위에 기인하는 우연한 사고로 타인의 신체의 피해(대인) 또는 타인의 반려동물의 손해(대물)에 대한 법률상배상책임을 부담함으로써 입은 손해 발생시 가입금액을 한도로 보상※ 1사고당 자기부담금 : 10만원,가입금액 한도,"25,725","25,485",94.2,94.2,,,,,,,,,,,,,,,,,,
삼성화재,무배당 삼성화재 다이렉트 착한펫보험(강아지)(2601.6),,[갱신형] 반려견 사망위로금,보장개시일 이후 보험증권에 기재된 반려견이 사망한 경우 가입금액 지급※ 보장개시일은 최초 계약일 또는 부활(효력회복)일부터 30일이 지난날의다음날임,가입금액,,,,,,,비갱신형,,,,,장기보장성 비교 공시 (10).xls,,,,[갱신형] 반려견 사망위로금,보장개시일 이후 보험증권에 기재된 반려견이 사망한 경우 가입금액 지급※ 보장개시일은 최초 계약일 또는 부활(효력회복)일부터 30일이 지난날의다음날임,가입금액,,,,,,,,,,,,,,,,,,,,,,
삼성화재,무배당 삼성화재 다이렉트 착한펫보험(강아지)(2601.6),,반려견 의료비(치과및구강질환포함)(수술당일)(70%보상형)(재가입형),"보장개시일 이후 보험증권에 기재된 반려견에게 상해 또는 질병이 발생하여 그 치료를 직접적인 목적으로 국내에서 수의사에게 수술을 받은 경우 피보험자가 부담한 수술 당일 반려견의 치료에 사용된 비용을 보험가입금액을 한도로 보상(연간 2회한)※ 질병으로 인한 반려견 의료비(수술당일)의 보장개시일은 최초 계약일 또는 부활(효력회복)일부터 30일(단, 암, 백내장, 녹내장, 심장질환, 신장질환, 방광질환 및 각종 결석의 경우 90일)이 지난날의 다음날이며, 상해로 인한 반려견 의료비(수술당일)의 보장개시일은 계약일임※ 계약일부터 1년 이내에 발생한 슬관절탈구, 고관절탈구, 슬관절형성부전, 고관절형성부전 또는 기타 이들과 유사한 사고에 대해서는 보험금을 지급하지 않음※ 「연간」이란 계약일부터 매1년 단위로 도래하는 계약해당일 전일까지의 기간을 의미함※ 1사고당 가입시 선택한 자기부담금",가입금액 한도,,,,,,,비갱신형,,,,,장기보장성 비교 공시 (10).xls,,,,반려견 의료비(치과및구강질환포함)(수술당일)(70%보상형)(재가입형),"보장개시일 이후 보험증권에 기재된 반려견에게 상해 또는 질병이 발생하여 그 치료를 직접적인 목적으로 국내에서 수의사에게 수술을 받은 경우 피보험자가 부담한 수술 당일 반려견의 치료에 사용된 비용을 보험가입금액을 한도로 보상(연간 2회한)※ 질병으로 인한 반려견 의료비(수술당일)의 보장개시일은 최초 계약일 또는 부활(효력회복)일부터 30일(단, 암, 백내장, 녹내장, 심장질환, 신장질환, 방광질환 및 각종 결석의 경우 90일)이 지난날의 다음날이며, 상해로 인한 반려견 의료비(수술당일)의 보장개시일은 계약일임※ 계약일부터 1년 이내에 발생한 슬관절탈구, 고관절탈구, 슬관절형성부전, 고관절형성부전 또는 기타 이들과 유사한 사고에 대해서는 보험금을 지급하지 않음※ 「연간」이란 계약일부터 매1년 단위로 도래하는 계약해당일 전일까지의 기간을 의미함※ 1사고당 가입시 선택한 자기부담금",가입금액 한도,,,,,,,,,,,,,,,,,,,,,,
삼성화재,무배당 삼성화재 다이렉트 착한펫보험(강아지)(2601.6),,"반려견 의료비(치과및구강질환포함)(수술당일제외, 검사비포함)(70%보상형)(재가입형)","보장개시일 이후 보험증권에 기재된 반려견에게 상해 또는 질병이 발생하여 그 치료를 직접적인 목적으로 국내에서 수의사에게 치료를 받은 때에는 수술을 받지 않은 날에 한하여 1일당 피보험자가 부담한 반려견의 치료에 사용된 비용(검사비 포함)을 보험가입금액을 한도로 보상(연간 반려견 의료비보험금(수술당일제외, 검사비포함)의 총합계는 연간 총 보상한도액 한도로 보상)※ 1일당 한도/연간 총한도 : 10만/1000만※ 질병으로 인한 반려견 의료비(수술당일제외, 검사비포함)의 보장개시일은 최초 계약일 또는 부활(효력회복)일부터 30일(단, 암, 백내장, 녹내장, 심장질환, 신장질환, 방광질환 및 각종 결석의 경우 90일)이 지난날의 다음날이며, 상해로 인한 반려견 의료비(수술당일제외, 검사비포함)의 보장개시일은 계약일임※ 계약일부터 1년 이내에 발생한 슬관절탈구, 고관절탈구, 슬관절형성부전, 고관절형성부전 또는 기타 이들과 유사한 사고에 대해서는 보험금을 지급하지 않음※ 「연간」이란 계약일부터 매1년 단위로 도래하는 계약해당일 전일까지의 기간을 의미함※ 「검사비」란 기본검사(신체검사, 정형검사, 신경계검사, 안검사, 피부과검사 등), 영상검사(X-ray, 초음파검사, CT, MRI, 내시경검사 등), 실험실검사(혈액검사, 임상병리검사, 조직병리검사, 배양검사 등)에 사용된 비용을 의미함※ 1사고당 가입시 선택한 자기부담금",,,,,,,,비갱신형,,,,,장기보장성 비교 공시 (10).xls,,,,"반려견 의료비(치과및구강질환포함)(수술당일제외, 검사비포함)(70%보상형)(재가입형)","보장개시일 이후 보험증권에 기재된 반려견에게 상해 또는 질병이 발생하여 그 치료를 직접적인 목적으로 국내에서 수의사에게 치료를 받은 때에는 수술을 받지 않은 날에 한하여 1일당 피보험자가 부담한 반려견의 치료에 사용된 비용(검사비 포함)을 보험가입금액을 한도로 보상(연간 반려견 의료비보험금(수술당일제외, 검사비포함)의 총합계는 연간 총 보상한도액 한도로 보상)※ 1일당 한도/연간 총한도 : 10만/1000만※ 질병으로 인한 반려견 의료비(수술당일제외, 검사비포함)의 보장개시일은 최초 계약일 또는 부활(효력회복)일부터 30일(단, 암, 백내장, 녹내장, 심장질환, 신장질환, 방광질환 및 각종 결석의 경우 90일)이 지난날의 다음날이며, 상해로 인한 반려견 의료비(수술당일제외, 검사비포함)의 보장개시일은 계약일임※ 계약일부터 1년 이내에 발생한 슬관절탈구, 고관절탈구, 슬관절형성부전, 고관절형성부전 또는 기타 이들과 유사한 사고에 대해서는 보험금을 지급하지 않음※ 「연간」이란 계약일부터 매1년 단위로 도래하는 계약해당일 전일까지의 기간을 의미함※ 「검사비」란 기본검사(신체검사, 정형검사, 신경계검사, 안검사, 피부과검사 등), 영상검사(X-ray, 초음파검사, CT, MRI, 내시경검사 등), 실험실검사(혈액검사, 임상병리검사, 조직병리검사, 배양검사 등)에 사용된 비용을 의미함※ 1사고당 가입시 선택한 자기부담금",,,,,,,,,,,,,,,,,,,,,,,
삼성화재,무배당 삼성화재 다이렉트 착한펫보험(강아지)(2601.6),,상해 후유장해(80%이상),상해사고로 80%이상 후유장해가 발생한 경우(최초 1회한),가입금액,,,,,,,비갱신형,,,,,장기보장성 비교 공시 (10).xls,,,,상해 후유장해(80%이상),상해사고로 80%이상 후유장해가 발생한 경우(최초 1회한),가입금액,,,,,,,,,,,,,,,,,,,,,,
삼성화재,무배당 삼성화재 다이렉트 반려묘보험(2601.7),무배당 삼성화재 다이렉트 반려묘보험(2601.7),[갱신형] 반려묘 사망위로금,보장개시일 이후 보험증권에 기재된 반려묘가 사망한 경우 가입금액 지급,가입금액,"24,532","24,532 원",94 원,94 원,,,비갱신형,,,,,장기보장성 비교 공시 (10).xls,,삼성화재,무배당 삼성화재 다이렉트 반려묘보험(2601.7),[갱신형] 반려묘 사망위로금,보장개시일 이후 보험증권에 기재된 반려묘가 사망한 경우 가입금액 지급,가입금액,"24,532","24,218",94.2,94.2,,,,,,,,,,,,,,,,,,
삼성화재,무배당 삼성화재 다이렉트 반려묘보험(2601.7),,반려동물 양육자금Ⅰ,상해사고로 피보험자(사람)가 사망한 경우 5년간 매월 가입금액 지급,,,,,,,,비갱신형,,,,,장기보장성 비교 공시 (10).xls,,,,반려동물 양육자금Ⅰ,상해사고로 피보험자(사람)가 사망한 경우 5년간 매월 가입금액 지급,,,,,,,,,,,,,,,,,,,,,,,
삼성화재,무배당 삼성화재 다이렉트 반려묘보험(2601.7),,반려묘 수술비(치과및구강질환포함)(70%보상형)(재가입형),"보장개시일 이후 보험증권에 기재된 반려묘에게 상해 또는 질병이 발생하여 그 치료를 직접적인 목적으로 국내에서 수의사에게 수술을 받은 때에는 피보험자가 부담한 수술 당일 반려묘의 치료에 사용된 비용을 보험가입금액을 한도로 의료비 보험금에 추가하여 보상(연간 2회한, 치과 및 구강질환 포함)",가입금액 한도,,,,,,,비갱신형,,,,,장기보장성 비교 공시 (10).xls,,,,반려묘 수술비(치과및구강질환포함)(70%보상형)(재가입형),"보장개시일 이후 보험증권에 기재된 반려묘에게 상해 또는 질병이 발생하여 그 치료를 직접적인 목적으로 국내에서 수의사에게 수술을 받은 때에는 피보험자가 부담한 수술 당일 반려묘의 치료에 사용된 비용을 보험가입금액을 한도로 의료비 보험금에 추가하여 보상(연간 2회한, 치과 및 구강질환 포함)",가입금액 한도,,,,,,,,,,,,,,,,,,,,,,
삼성화재,무배당 삼성화재 다이렉트 반려묘보험(2601.7),,반려묘 의료비(치과및구강질환포함)(70%보상형)(재가입형),"보장개시일 이후 보험증권에 기재된 반려묘에게 상해 또는 질병이 발생하여 그 치료를 직접적인 목적으로 국내에서 수의사에게 치료를 받은 때에는 1일당 피보험자가 부담한 반려묘의 치료에 사용된 비용을 보험가입금액을 한도로 보상(연간 반려묘 의료비보험금의 총합계는 연간 총 보상한도액 한도로 보상, 치과 및 구강질환 포함)",,,,,,,,비갱신형,,,,,장기보장성 비교 공시 (10).xls,,,,반려묘 의료비(치과및구강질환포함)(70%보상형)(재가입형),"보장개시일 이후 보험증권에 기재된 반려묘에게 상해 또는 질병이 발생하여 그 치료를 직접적인 목적으로 국내에서 수의사에게 치료를 받은 때에는 1일당 피보험자가 부담한 반려묘의 치료에 사용된 비용을 보험가입금액을 한도로 보상(연간 반려묘 의료비보험금의 총합계는 연간 총 보상한도액 한도로 보상, 치과 및 구강질환 포함)",,,,,,,,,,,,,,,,,,,,,,,
삼성화재,무배당 삼성화재 다이렉트 반려묘보험(2601.7),,상해 후유장해(80%이상),상해사고로 80%이상 후유장해가 발생한 경우(최초 1회한),가입금액,,,,,,,비갱신형,,,,,장기보장성 비교 공시 (10).xls,,,,상해 후유장해(80%이상),상해사고로 80%이상 후유장해가 발생한 경우(최초 1회한),가입금액,,,,,,,,,,,,,,,,,,,,,,
삼성화재,무배당 삼성화재 펫보험 위풍댕댕(2605.1)(재가입계약용),무배당 삼성화재 펫보험 위풍댕댕(2605.1)(재가입계약용),"반려견 의료비 확대보장(특정처치(이물제거))(수술당일제외, 연간2회한)(70%보상형)(재가입형)","보장개시일 이후 보험증권에 기재된 반려견의 이물 섭취에 따른 치료를 목적으로 국내에서 수의사에게 이물제거(내시경 또는 구토약물)치료를 받은 경우, 피보험자가 부담한 당일 반려견 치료비용에서 반려견의료비(치과및구강질환포함)(수술당일제외, 검사비포함)보험금의 1일 한도와 자기부담금을 제외한 금액에 대해 보상비율을 곱한 금액을 약관에 정한 한도로 보상(연간 2회한)※ 1회당 한도 : 내시경 200만원, 구토유도약물 20만원※ 「연간」이란 계약일부터 매1년 단위로 도래하는 계약해당일 전일까지의 기간을 의미함※ 「반려견의료비(수술당일제외, 검사비포함)보험금의 1일 한도」란 반려견이 이물제거(내시경 또는 구토유도약물)치료를 받은 당일 반려견 의료비(치과및구강질환포함)(수술당일제외, 검사비포함) 특별약관에서 보상하는 의료비보험금의 1일 한도를 의미함※ 가입시 선택한 1일당 자기부담금",가입금액 한도,"29,241","29,241 원",94 원,94 원,,,비갱신형,,,,,장기보장성 비교 공시 (10).xls,,삼성화재,무배당 삼성화재 펫보험 위풍댕댕(2605.1)(재가입계약용),"반려견 의료비 확대보장(특정처치(이물제거))(수술당일제외, 연간2회한)(70%보상형)(재가입형)","보장개시일 이후 보험증권에 기재된 반려견의 이물 섭취에 따른 치료를 목적으로 국내에서 수의사에게 이물제거(내시경 또는 구토약물)치료를 받은 경우, 피보험자가 부담한 당일 반려견 치료비용에서 반려견의료비(치과및구강질환포함)(수술당일제외, 검사비포함)보험금의 1일 한도와 자기부담금을 제외한 금액에 대해 보상비율을 곱한 금액을 약관에 정한 한도로 보상(연간 2회한)※ 1회당 한도 : 내시경 200만원, 구토유도약물 20만원※ 「연간」이란 계약일부터 매1년 단위로 도래하는 계약해당일 전일까지의 기간을 의미함※ 「반려견의료비(수술당일제외, 검사비포함)보험금의 1일 한도」란 반려견이 이물제거(내시경 또는 구토유도약물)치료를 받은 당일 반려견 의료비(치과및구강질환포함)(수술당일제외, 검사비포함) 특별약관에서 보상하는 의료비보험금의 1일 한도를 의미함※ 가입시 선택한 1일당 자기부담금",가입금액 한도,"29,241","29,241",94.6,94.6,,,,,,,,,,,,,,,,,,
삼성화재,무배당 삼성화재 펫보험 위풍댕댕(2605.1)(재가입계약용),,반려견 의료비(치과및구강질환포함)(수술당일)(70%보상형)(재가입형),보장개시일 이후 보험증권에 기재된 반려견에게 상해 또는 질병이 발생하여 그 치료를 직접적인 목적으로 국내에서 수의사에게 수술을 받은 경우 피보험자가 부담한 수술 당일 반려견의 치료에 사용된 비용을 보험가입금액을 한도로 보상(연간 2회한)※ 「연간」이란 계약일부터 매1년 단위로 도래하는 계약해당일 전일까지의 기간을 의미함※ 1사고당 가입시 선택한 자기부담금,,,,,,,,비갱신형,,,,,장기보장성 비교 공시 (10).xls,,,,반려견 의료비(치과및구강질환포함)(수술당일)(70%보상형)(재가입형),보장개시일 이후 보험증권에 기재된 반려견에게 상해 또는 질병이 발생하여 그 치료를 직접적인 목적으로 국내에서 수의사에게 수술을 받은 경우 피보험자가 부담한 수술 당일 반려견의 치료에 사용된 비용을 보험가입금액을 한도로 보상(연간 2회한)※ 「연간」이란 계약일부터 매1년 단위로 도래하는 계약해당일 전일까지의 기간을 의미함※ 1사고당 가입시 선택한 자기부담금,,,,,,,,,,,,,,,,,,,,,,,
삼성화재,무배당 삼성화재 펫보험 위풍댕댕(2605.1)(재가입계약용),,"반려견 의료비(치과및구강질환포함)(수술당일제외, 검사비포함)(70%보상형)(재가입형)","보장개시일 이후 보험증권에 기재된 반려견에게 상해 또는 질병이 발생하여 그 치료를 직접적인 목적으로 국내에서 수의사에게 치료를 받은 때에는 수술을 받지 않은 날에 한하여 1일당 피보험자가 부담한 반려견의 치료에 사용된 비용(검사비 포함)을 보험가입금액을 한도로 보상(연간 반려견 의료비보험금(수술당일제외, 검사비포함)의 총합계는 연간 총 보상한도액 한도로 보상)※ 1일당 한도/연간 총한도 : 10만/1000만※ 「연간」이란 계약일부터 매1년 단위로 도래하는 계약해당일 전일까지의 기간을 의미함※ 「검사비」란 기본검사(신체검사, 정형검사, 신경계검사, 안검사, 피부과검사 등), 영상검사(X-ray, 초음파검사, CT, MRI, 내시경검사 등), 실험실검사(혈액검사, 임상병리검사, 조직병리검사, 배양검사 등)에 사용된 비용을 의미함※ 1사고당 가입시 선택한 자기부담금",,,,,,,,비갱신형,,,,,장기보장성 비교 공시 (10).xls,,,,"반려견 의료비(치과및구강질환포함)(수술당일제외, 검사비포함)(70%보상형)(재가입형)","보장개시일 이후 보험증권에 기재된 반려견에게 상해 또는 질병이 발생하여 그 치료를 직접적인 목적으로 국내에서 수의사에게 치료를 받은 때에는 수술을 받지 않은 날에 한하여 1일당 피보험자가 부담한 반려견의 치료에 사용된 비용(검사비 포함)을 보험가입금액을 한도로 보상(연간 반려견 의료비보험금(수술당일제외, 검사비포함)의 총합계는 연간 총 보상한도액 한도로 보상)※ 1일당 한도/연간 총한도 : 10만/1000만※ 「연간」이란 계약일부터 매1년 단위로 도래하는 계약해당일 전일까지의 기간을 의미함※ 「검사비」란 기본검사(신체검사, 정형검사, 신경계검사, 안검사, 피부과검사 등), 영상검사(X-ray, 초음파검사, CT, MRI, 내시경검사 등), 실험실검사(혈액검사, 임상병리검사, 조직병리검사, 배양검사 등)에 사용된 비용을 의미함※ 1사고당 가입시 선택한 자기부담금",,,,,,,,,,,,,,,,,,,,,,,
삼성화재,무배당 삼성화재 펫보험 의기냥냥(2605.1)(재가입계약용),무배당 삼성화재 펫보험 의기냥냥(2605.1)(재가입계약용),반려묘 수술비(치과및구강질환포함) 확대보장(70%보상형)(재가입형),보장개시일 이후 보험증권에 기재된 반려묘에게 상해 또는 질병이 발생하여 그 치료를 직접적인 목적으로 국내에서 수의사에게 수술을 받은 때에는 피보험자가 부담한 수술 당일 반려묘의 치료에 사용된 비용에서 반려묘의료비(치과및구강질환포함) 특별약관에서 지급한 보험금을 제외한 금액에 대하여 보상비율을 곱한 금액을 보험가입금액 한도로 보상(연간 2회한)※ 「연간」이란 계약일부터 매1년 단위로 도래하는 계약해당일 전일까지의 기간을 의미함※ 가입시 선택한 1일당 자기부담금,가입금액 한도,"32,311","32,311 원",94 원,94 원,,,비갱신형,,,,,장기보장성 비교 공시 (10).xls,,삼성화재,무배당 삼성화재 펫보험 의기냥냥(2605.1)(재가입계약용),반려묘 수술비(치과및구강질환포함) 확대보장(70%보상형)(재가입형),보장개시일 이후 보험증권에 기재된 반려묘에게 상해 또는 질병이 발생하여 그 치료를 직접적인 목적으로 국내에서 수의사에게 수술을 받은 때에는 피보험자가 부담한 수술 당일 반려묘의 치료에 사용된 비용에서 반려묘의료비(치과및구강질환포함) 특별약관에서 지급한 보험금을 제외한 금액에 대하여 보상비율을 곱한 금액을 보험가입금액 한도로 보상(연간 2회한)※ 「연간」이란 계약일부터 매1년 단위로 도래하는 계약해당일 전일까지의 기간을 의미함※ 가입시 선택한 1일당 자기부담금,가입금액 한도,"32,311","32,311",94.6,94.6,,,,,,,,,,,,,,,,,,
삼성화재,무배당 삼성화재 펫보험 의기냥냥(2605.1)(재가입계약용),,"반려묘 의료비 확대보장(MRI,CT)(연간1회한)(70%보상형)(재가입형)","보장개시일 이후 보험증권에 기재된 반려묘에게 상해 또는 질병이 발생하여 그 치료를 직접적인 목적으로 국내에서 수의사에게 치료 중 자기공명영상(MRI) 또는 컴퓨터단층촬영(CT)을 시행한 경우, 당일 피보험자가 부담한 반려묘 치료비용에서 반려묘 의료비(치과및구강질환포함) 및 반려묘 수술비(치과및구강질환포함) 지급보험금의 합계액과 자기부담금을 제외한 금액에 대해 보상비율을 곱한 금액을 약관에 정한 한도로 보상(연간 1회한)※ 「연간」이란 계약일부터 매1년 단위로 도래하는 계약해당일 전일까지의 기간을 의미함※ 가입시 선택한 1일당 자기부담금",,,,,,,,비갱신형,,,,,장기보장성 비교 공시 (10).xls,,,,"반려묘 의료비 확대보장(MRI,CT)(연간1회한)(70%보상형)(재가입형)","보장개시일 이후 보험증권에 기재된 반려묘에게 상해 또는 질병이 발생하여 그 치료를 직접적인 목적으로 국내에서 수의사에게 치료 중 자기공명영상(MRI) 또는 컴퓨터단층촬영(CT)을 시행한 경우, 당일 피보험자가 부담한 반려묘 치료비용에서 반려묘 의료비(치과및구강질환포함) 및 반려묘 수술비(치과및구강질환포함) 지급보험금의 합계액과 자기부담금을 제외한 금액에 대해 보상비율을 곱한 금액을 약관에 정한 한도로 보상(연간 1회한)※ 「연간」이란 계약일부터 매1년 단위로 도래하는 계약해당일 전일까지의 기간을 의미함※ 가입시 선택한 1일당 자기부담금",,,,,,,,,,,,,,,,,,,,,,,
삼성화재,무배당 삼성화재 펫보험 의기냥냥(2605.1)(재가입계약용),,반려묘 의료비 확대보장(이물제거 특정처치)(연간2회한)(70%보상형)(재가입형),"보장개시일 이후 보험증권에 기재된 반려묘가 국내에서 수의사에게 이물 섭취 치료를 목적으로 이물제거(내시경) 또는 이물제거(구토유도약물)에 해당하는 치료를 받은 경우, 당일 피보험자가 부담한 반려묘 치료비용에서 반려묘 의료비(치과및구강질환포함) 및 반려묘 수술비(치과및구강질환포함) 지급보험금의 합계액과 자기부담금을 제외한 금액에 대해 보상비율을 곱한 금액을 약관에 정한 한도로 보상(연간 2회한)※ 1일당 한도 : 내시경 200만원, 구토유도약물 20만원※ 「연간」이란 계약일부터 매1년 단위로 도래하는 계약해당일 전일까지의 기간을 의미함※ 가입시 선택한 1일당 자기부담금",,,,,,,,비갱신형,,,,,장기보장성 비교 공시 (10).xls,,,,반려묘 의료비 확대보장(이물제거 특정처치)(연간2회한)(70%보상형)(재가입형),"보장개시일 이후 보험증권에 기재된 반려묘가 국내에서 수의사에게 이물 섭취 치료를 목적으로 이물제거(내시경) 또는 이물제거(구토유도약물)에 해당하는 치료를 받은 경우, 당일 피보험자가 부담한 반려묘 치료비용에서 반려묘 의료비(치과및구강질환포함) 및 반려묘 수술비(치과및구강질환포함) 지급보험금의 합계액과 자기부담금을 제외한 금액에 대해 보상비율을 곱한 금액을 약관에 정한 한도로 보상(연간 2회한)※ 1일당 한도 : 내시경 200만원, 구토유도약물 20만원※ 「연간」이란 계약일부터 매1년 단위로 도래하는 계약해당일 전일까지의 기간을 의미함※ 가입시 선택한 1일당 자기부담금",,,,,,,,,,,,,,,,,,,,,,,
삼성화재,무배당 삼성화재 펫보험 의기냥냥(2605.1)(재가입계약용),,반려묘 의료비(치과및구강질환포함)(70%보상형)(재가입형),"보장개시일 이후 보험증권에 기재된 반려묘에게 상해 또는 질병이 발생하여 그 치료를 직접적인 목적으로 국내에서 수의사에게 치료를 받은 때에는 1일당 피보험자가 부담한 반려묘의 치료에 사용된 비용에서 자기부담금을 제외한 금액에 대하여 보상비율을 곱한 금액을 보험가입금액 한도로 보상(연간 반려묘 의료비보험금의 총합계는 연간 총 보상한도액 한도로 보상, 치과 및 구강질환 포함)※ 1일당 한도/연간 총한도 : 10만/1000만 또는 15만/1500만 또는 30만/1500만※ 「연간」이란 계약일부터 매1년 단위로 도래하는 계약해당일 전일까지의 기간을 의미함※ 가입시 선택한 1일당 자기부담금",,,,,,,,비갱신형,,,,,장기보장성 비교 공시 (10).xls,,,,반려묘 의료비(치과및구강질환포함)(70%보상형)(재가입형),"보장개시일 이후 보험증권에 기재된 반려묘에게 상해 또는 질병이 발생하여 그 치료를 직접적인 목적으로 국내에서 수의사에게 치료를 받은 때에는 1일당 피보험자가 부담한 반려묘의 치료에 사용된 비용에서 자기부담금을 제외한 금액에 대하여 보상비율을 곱한 금액을 보험가입금액 한도로 보상(연간 반려묘 의료비보험금의 총합계는 연간 총 보상한도액 한도로 보상, 치과 및 구강질환 포함)※ 1일당 한도/연간 총한도 : 10만/1000만 또는 15만/1500만 또는 30만/1500만※ 「연간」이란 계약일부터 매1년 단위로 도래하는 계약해당일 전일까지의 기간을 의미함※ 가입시 선택한 1일당 자기부담금",,,,,,,,,,,,,,,,,,,,,,,
삼성화재,무배당 삼성화재 다이렉트 착한펫보험(강아지)(2605.1)(재가입계약용),무배당 삼성화재 다이렉트 착한펫보험(강아지)(2605.1)(재가입계약용),"반려견 의료비 확대보장(특정처치(이물제거))(수술당일제외, 연간2회한)(70%보상형)(재가입형)","보장개시일 이후 보험증권에 기재된 반려견의 이물 섭취에 따른 치료를 목적으로 국내에서 수의사에게 이물제거(내시경 또는 구토약물)치료를 받은 경우, 피보험자가 부담한 당일 반려견 치료비용에서 반려견의료비(치과및구강질환포함)(수술당일제외, 검사비포함)보험금의 1일 한도와 자기부담금을 제외한 금액에 대해 보상비율을 곱한 금액을 약관에 정한 한도로 보상(연간 2회한)※ 1회당 한도 : 내시경 200만원, 구토유도약물 20만원※ 「연간」이란 계약일부터 매1년 단위로 도래하는 계약해당일 전일까지의 기간을 의미함※ 「반려견의료비(수술당일제외, 검사비포함)보험금의 1일 한도」란 반려견이 이물제거(내시경 또는 구토유도약물)치료를 받은 당일 반려견 의료비(치과및구강질환포함)(수술당일제외, 검사비포함) 특별약관에서 보상하는 의료비보험금의 1일 한도를 의미함※ 가입시 선택한 1일당 자기부담금",가입금액 한도,"27,507","27,507 원",89 원,89 원,,,비갱신형,,,,,장기보장성 비교 공시 (10).xls,,삼성화재,무배당 삼성화재 다이렉트 착한펫보험(강아지)(2605.1)(재가입계약용),"반려견 의료비 확대보장(특정처치(이물제거))(수술당일제외, 연간2회한)(70%보상형)(재가입형)","보장개시일 이후 보험증권에 기재된 반려견의 이물 섭취에 따른 치료를 목적으로 국내에서 수의사에게 이물제거(내시경 또는 구토약물)치료를 받은 경우, 피보험자가 부담한 당일 반려견 치료비용에서 반려견의료비(치과및구강질환포함)(수술당일제외, 검사비포함)보험금의 1일 한도와 자기부담금을 제외한 금액에 대해 보상비율을 곱한 금액을 약관에 정한 한도로 보상(연간 2회한)※ 1회당 한도 : 내시경 200만원, 구토유도약물 20만원※ 「연간」이란 계약일부터 매1년 단위로 도래하는 계약해당일 전일까지의 기간을 의미함※ 「반려견의료비(수술당일제외, 검사비포함)보험금의 1일 한도」란 반려견이 이물제거(내시경 또는 구토유도약물)치료를 받은 당일 반려견 의료비(치과및구강질환포함)(수술당일제외, 검사비포함) 특별약관에서 보상하는 의료비보험금의 1일 한도를 의미함※ 가입시 선택한 1일당 자기부담금",가입금액 한도,"27,507","27,507",89,89,,,,,,,,,,,,,,,,,,
삼성화재,무배당 삼성화재 다이렉트 착한펫보험(강아지)(2605.1)(재가입계약용),,반려견 의료비(치과및구강질환포함)(수술당일)(70%보상형)(재가입형),보장개시일 이후 보험증권에 기재된 반려견에게 상해 또는 질병이 발생하여 그 치료를 직접적인 목적으로 국내에서 수의사에게 수술을 받은 경우 피보험자가 부담한 수술 당일 반려견의 치료에 사용된 비용을 보험가입금액을 한도로 보상(연간 2회한)※ 「연간」이란 계약일부터 매1년 단위로 도래하는 계약해당일 전일까지의 기간을 의미함※ 1사고당 가입시 선택한 자기부담금,,,,,,,,비갱신형,,,,,장기보장성 비교 공시 (10).xls,,,,반려견 의료비(치과및구강질환포함)(수술당일)(70%보상형)(재가입형),보장개시일 이후 보험증권에 기재된 반려견에게 상해 또는 질병이 발생하여 그 치료를 직접적인 목적으로 국내에서 수의사에게 수술을 받은 경우 피보험자가 부담한 수술 당일 반려견의 치료에 사용된 비용을 보험가입금액을 한도로 보상(연간 2회한)※ 「연간」이란 계약일부터 매1년 단위로 도래하는 계약해당일 전일까지의 기간을 의미함※ 1사고당 가입시 선택한 자기부담금,,,,,,,,,,,,,,,,,,,,,,,
삼성화재,무배당 삼성화재 다이렉트 착한펫보험(강아지)(2605.1)(재가입계약용),,"반려견 의료비(치과및구강질환포함)(수술당일제외, 검사비포함)(70%보상형)(재가입형)","보장개시일 이후 보험증권에 기재된 반려견에게 상해 또는 질병이 발생하여 그 치료를 직접적인 목적으로 국내에서 수의사에게 치료를 받은 때에는 수술을 받지 않은 날에 한하여 1일당 피보험자가 부담한 반려견의 치료에 사용된 비용(검사비 포함)을 보험가입금액을 한도로 보상(연간 반려견 의료비보험금(수술당일제외, 검사비포함)의 총합계는 연간 총 보상한도액 한도로 보상)※ 1일당 한도/연간 총한도 : 10만/1000만※ 「연간」이란 계약일부터 매1년 단위로 도래하는 계약해당일 전일까지의 기간을 의미함※ 「검사비」란 기본검사(신체검사, 정형검사, 신경계검사, 안검사, 피부과검사 등), 영상검사(X-ray, 초음파검사, CT, MRI, 내시경검사 등), 실험실검사(혈액검사, 임상병리검사, 조직병리검사, 배양검사 등)에 사용된 비용을 의미함※ 1사고당 가입시 선택한 자기부담금",,,,,,,,비갱신형,,,,,장기보장성 비교 공시 (10).xls,,,,"반려견 의료비(치과및구강질환포함)(수술당일제외, 검사비포함)(70%보상형)(재가입형)","보장개시일 이후 보험증권에 기재된 반려견에게 상해 또는 질병이 발생하여 그 치료를 직접적인 목적으로 국내에서 수의사에게 치료를 받은 때에는 수술을 받지 않은 날에 한하여 1일당 피보험자가 부담한 반려견의 치료에 사용된 비용(검사비 포함)을 보험가입금액을 한도로 보상(연간 반려견 의료비보험금(수술당일제외, 검사비포함)의 총합계는 연간 총 보상한도액 한도로 보상)※ 1일당 한도/연간 총한도 : 10만/1000만※ 「연간」이란 계약일부터 매1년 단위로 도래하는 계약해당일 전일까지의 기간을 의미함※ 「검사비」란 기본검사(신체검사, 정형검사, 신경계검사, 안검사, 피부과검사 등), 영상검사(X-ray, 초음파검사, CT, MRI, 내시경검사 등), 실험실검사(혈액검사, 임상병리검사, 조직병리검사, 배양검사 등)에 사용된 비용을 의미함※ 1사고당 가입시 선택한 자기부담금",,,,,,,,,,,,,,,,,,,,,,,
삼성화재,무배당 삼성화재 다이렉트 반려묘보험(2605.1)(재가입계약용),무배당 삼성화재 다이렉트 반려묘보험(2605.1)(재가입계약용),반려묘 수술비(치과및구강질환포함) 확대보장(70%보상형)(재가입형),보장개시일 이후 보험증권에 기재된 반려묘에게 상해 또는 질병이 발생하여 그 치료를 직접적인 목적으로 국내에서 수의사에게 수술을 받은 때에는 피보험자가 부담한 수술 당일 반려묘의 치료에 사용된 비용에서 반려묘의료비(치과및구강질환포함) 특별약관에서 지급한 보험금을 제외한 금액에 대하여 보상비율을 곱한 금액을 보험가입금액 한도로 보상(연간 2회한)※ 「연간」이란 계약일부터 매1년 단위로 도래하는 계약해당일 전일까지의 기간을 의미함※ 가입시 선택한 1일당 자기부담금,가입금액 한도,"30,394","30,394 원",89 원,89 원,,,비갱신형,,,,,장기보장성 비교 공시 (10).xls,,삼성화재,무배당 삼성화재 다이렉트 반려묘보험(2605.1)(재가입계약용),반려묘 수술비(치과및구강질환포함) 확대보장(70%보상형)(재가입형),보장개시일 이후 보험증권에 기재된 반려묘에게 상해 또는 질병이 발생하여 그 치료를 직접적인 목적으로 국내에서 수의사에게 수술을 받은 때에는 피보험자가 부담한 수술 당일 반려묘의 치료에 사용된 비용에서 반려묘의료비(치과및구강질환포함) 특별약관에서 지급한 보험금을 제외한 금액에 대하여 보상비율을 곱한 금액을 보험가입금액 한도로 보상(연간 2회한)※ 「연간」이란 계약일부터 매1년 단위로 도래하는 계약해당일 전일까지의 기간을 의미함※ 가입시 선택한 1일당 자기부담금,가입금액 한도,"30,394","30,394",89,89,,,,,,,,,,,,,,,,,,
삼성화재,무배당 삼성화재 다이렉트 반려묘보험(2605.1)(재가입계약용),,"반려묘 의료비 확대보장(MRI,CT)(연간1회한)(70%보상형)(재가입형)","보장개시일 이후 보험증권에 기재된 반려묘에게 상해 또는 질병이 발생하여 그 치료를 직접적인 목적으로 국내에서 수의사에게 치료 중 자기공명영상(MRI) 또는 컴퓨터단층촬영(CT)을 시행한 경우, 당일 피보험자가 부담한 반려묘 치료비용에서 반려묘 의료비(치과및구강질환포함) 및 반려묘 수술비(치과및구강질환포함) 지급보험금의 합계액과 자기부담금을 제외한 금액에 대해 보상비율을 곱한 금액을 약관에 정한 한도로 보상(연간 1회한)※ 「연간」이란 계약일부터 매1년 단위로 도래하는 계약해당일 전일까지의 기간을 의미함※ 가입시 선택한 1일당 자기부담금",,,,,,,,비갱신형,,,,,장기보장성 비교 공시 (10).xls,,,,"반려묘 의료비 확대보장(MRI,CT)(연간1회한)(70%보상형)(재가입형)","보장개시일 이후 보험증권에 기재된 반려묘에게 상해 또는 질병이 발생하여 그 치료를 직접적인 목적으로 국내에서 수의사에게 치료 중 자기공명영상(MRI) 또는 컴퓨터단층촬영(CT)을 시행한 경우, 당일 피보험자가 부담한 반려묘 치료비용에서 반려묘 의료비(치과및구강질환포함) 및 반려묘 수술비(치과및구강질환포함) 지급보험금의 합계액과 자기부담금을 제외한 금액에 대해 보상비율을 곱한 금액을 약관에 정한 한도로 보상(연간 1회한)※ 「연간」이란 계약일부터 매1년 단위로 도래하는 계약해당일 전일까지의 기간을 의미함※ 가입시 선택한 1일당 자기부담금",,,,,,,,,,,,,,,,,,,,,,,
삼성화재,무배당 삼성화재 다이렉트 반려묘보험(2605.1)(재가입계약용),,반려묘 의료비 확대보장(이물제거 특정처치)(연간2회한)(70%보상형)(재가입형),"보장개시일 이후 보험증권에 기재된 반려묘가 국내에서 수의사에게 이물 섭취 치료를 목적으로 이물제거(내시경) 또는 이물제거(구토유도약물)에 해당하는 치료를 받은 경우, 당일 피보험자가 부담한 반려묘 치료비용에서 반려묘 의료비(치과및구강질환포함) 및 반려묘 수술비(치과및구강질환포함) 지급보험금의 합계액과 자기부담금을 제외한 금액에 대해 보상비율을 곱한 금액을 약관에 정한 한도로 보상(연간 2회한)※ 1일당 한도 : 내시경 200만원, 구토유도약물 20만원※ 「연간」이란 계약일부터 매1년 단위로 도래하는 계약해당일 전일까지의 기간을 의미함※ 가입시 선택한 1일당 자기부담금",,,,,,,,비갱신형,,,,,장기보장성 비교 공시 (10).xls,,,,반려묘 의료비 확대보장(이물제거 특정처치)(연간2회한)(70%보상형)(재가입형),"보장개시일 이후 보험증권에 기재된 반려묘가 국내에서 수의사에게 이물 섭취 치료를 목적으로 이물제거(내시경) 또는 이물제거(구토유도약물)에 해당하는 치료를 받은 경우, 당일 피보험자가 부담한 반려묘 치료비용에서 반려묘 의료비(치과및구강질환포함) 및 반려묘 수술비(치과및구강질환포함) 지급보험금의 합계액과 자기부담금을 제외한 금액에 대해 보상비율을 곱한 금액을 약관에 정한 한도로 보상(연간 2회한)※ 1일당 한도 : 내시경 200만원, 구토유도약물 20만원※ 「연간」이란 계약일부터 매1년 단위로 도래하는 계약해당일 전일까지의 기간을 의미함※ 가입시 선택한 1일당 자기부담금",,,,,,,,,,,,,,,,,,,,,,,
삼성화재,무배당 삼성화재 다이렉트 반려묘보험(2605.1)(재가입계약용),,반려묘 의료비(치과및구강질환포함)(70%보상형)(재가입형),"보장개시일 이후 보험증권에 기재된 반려묘에게 상해 또는 질병이 발생하여 그 치료를 직접적인 목적으로 국내에서 수의사에게 치료를 받은 때에는 1일당 피보험자가 부담한 반려묘의 치료에 사용된 비용에서 자기부담금을 제외한 금액에 대하여 보상비율을 곱한 금액을 보험가입금액 한도로 보상(연간 반려묘 의료비보험금의 총합계는 연간 총 보상한도액 한도로 보상, 치과 및 구강질환 포함)※ 1일당 한도/연간 총한도 : 10만/1000만 또는 15만/1500만 또는 30만/1500만※ 「연간」이란 계약일부터 매1년 단위로 도래하는 계약해당일 전일까지의 기간을 의미함※ 가입시 선택한 1일당 자기부담금",,,,,,,,비갱신형,,,,,장기보장성 비교 공시 (10).xls,,,,반려묘 의료비(치과및구강질환포함)(70%보상형)(재가입형),"보장개시일 이후 보험증권에 기재된 반려묘에게 상해 또는 질병이 발생하여 그 치료를 직접적인 목적으로 국내에서 수의사에게 치료를 받은 때에는 1일당 피보험자가 부담한 반려묘의 치료에 사용된 비용에서 자기부담금을 제외한 금액에 대하여 보상비율을 곱한 금액을 보험가입금액 한도로 보상(연간 반려묘 의료비보험금의 총합계는 연간 총 보상한도액 한도로 보상, 치과 및 구강질환 포함)※ 1일당 한도/연간 총한도 : 10만/1000만 또는 15만/1500만 또는 30만/1500만※ 「연간」이란 계약일부터 매1년 단위로 도래하는 계약해당일 전일까지의 기간을 의미함※ 가입시 선택한 1일당 자기부담금",,,,,,,,,,,,,,,,,,,,,,,
현대해상,(무)현대해상굿앤굿우리펫보험(Hi2601) 2종,(무)현대해상굿앤굿우리펫보험(Hi2601) 2종,기본계약(상해후유장해(80%이상)),상해로 80%이상 후유장해시,1억원,"36,860","36,860 원",134 원,136 원,,,비갱신형,,,,,장기보장성 비교 공시 (10).xls,,현대해상,(무)현대해상굿앤굿우리펫보험(Hi2601) 2종,기본계약(상해후유장해(80%이상)),상해로 80%이상 후유장해시,1억원,"36,860","35,610",134,136.6,,,,,,,,,,,,,,,,,,
현대해상,(무)현대해상굿앤굿우리펫보험(Hi2601) 2종,,반려묘사망위로금(갱신형),보장개시일 이후 반려묘 사망시 가입금액 지급,30만원,,,,,,,비갱신형,,,,,장기보장성 비교 공시 (10).xls,,,,반려묘사망위로금(갱신형),보장개시일 이후 반려묘 사망시 가입금액 지급,30만원,,,,,,,,,,,,,,,,,,,,,,
현대해상,(무)현대해상굿앤굿우리펫보험(Hi2601) 2종,,반려묘입원의료비(갱신형),보장개시일 이후 반려묘가 상해 및 질병이 발생하여 그 치료를 직접적인 목적으로 입원을 동반하는 치료를 받은 경우,연간 1천만원 한도,,,,,,,비갱신형,,,,,장기보장성 비교 공시 (10).xls,,,,반려묘입원의료비(갱신형),보장개시일 이후 반려묘가 상해 및 질병이 발생하여 그 치료를 직접적인 목적으로 입원을 동반하는 치료를 받은 경우,연간 1천만원 한도,,,,,,,,,,,,,,,,,,,,,,
현대해상,(무)현대해상굿앤굿우리펫보험(Hi2601) 2종,,반려묘입원의료비확장보장(치과및구강질환)(갱신형),보장개시일 이후 반려묘가 치과질환(치석제거 포함) 및 구강질환이 발생하여 그 치료를 직접적인 목적으로 입원을 동반한 치료를 받은 경우,,,,,,,,비갱신형,,,,,장기보장성 비교 공시 (10).xls,,,,반려묘입원의료비확장보장(치과및구강질환)(갱신형),보장개시일 이후 반려묘가 치과질환(치석제거 포함) 및 구강질환이 발생하여 그 치료를 직접적인 목적으로 입원을 동반한 치료를 받은 경우,,,,,,,,,,,,,,,,,,,,,,,
현대해상,(무)현대해상굿앤굿우리펫보험(Hi2601) 2종,,반려묘통원의료비(갱신형),보장개시일 이후 반려묘가 상해 및 질병이 발생하여 그 치료를 직접적인 목적으로 입원을 동반하지 않은 치료를 받은 경우,,,,,,,,비갱신형,,,,,장기보장성 비교 공시 (10).xls,,,,반려묘통원의료비(갱신형),보장개시일 이후 반려묘가 상해 및 질병이 발생하여 그 치료를 직접적인 목적으로 입원을 동반하지 않은 치료를 받은 경우,,,,,,,,,,,,,,,,,,,,,,,
현대해상,(무)현대해상굿앤굿우리펫보험(Hi2601) 2종,,반려묘통원의료비확장보장(치과및구강질환)(갱신형),보장개시일 이후 반려묘가 치과질환(치석제거 포함) 및 구강질환이 발생하여 그 치료를 직접적인 목적으로 입원을 동반하지 않은 치료를 받은 경우,,,,,,,,비갱신형,,,,,장기보장성 비교 공시 (10).xls,,,,반려묘통원의료비확장보장(치과및구강질환)(갱신형),보장개시일 이후 반려묘가 치과질환(치석제거 포함) 및 구강질환이 발생하여 그 치료를 직접적인 목적으로 입원을 동반하지 않은 치료를 받은 경우,,,,,,,,,,,,,,,,,,,,,,,
현대해상,(무)현대해상굿앤굿우리펫보험(Hi2601) 2종,,상해사망,상해로 사망시,1억원,,,,,,,비갱신형,,,,,장기보장성 비교 공시 (10).xls,,,,상해사망,상해로 사망시,1억원,,,,,,,,,,,,,,,,,,,,,,
현대해상,(무)현대해상굿앤굿우리펫보험(Hi2601) 1종,(무)현대해상굿앤굿우리펫보험(Hi2601) 1종,기본계약(상해후유장해(80%이상)),상해로 80%이상 후유장해시,1억원,"42,200","42,200 원",130 원,132 원,,,비갱신형,,,,,장기보장성 비교 공시 (10).xls,,현대해상,(무)현대해상굿앤굿우리펫보험(Hi2601) 1종,기본계약(상해후유장해(80%이상)),상해로 80%이상 후유장해시,1억원,"42,200","40,950",130.7,132.6,,,,,,,,,,,,,,,,,,
현대해상,(무)현대해상굿앤굿우리펫보험(Hi2601) 1종,,반려견사망위로금(갱신형),보장개시일 이후 반려견 사망시 가입금액 지급,30만원,,,,,,,비갱신형,,,,,장기보장성 비교 공시 (10).xls,,,,반려견사망위로금(갱신형),보장개시일 이후 반려견 사망시 가입금액 지급,30만원,,,,,,,,,,,,,,,,,,,,,,
현대해상,(무)현대해상굿앤굿우리펫보험(Hi2601) 1종,,반려견입원의료비Ⅱ(갱신형),보장개시일 이후 반려견이 상해 및 질병이 발생하여 그 치료를 직접적인 목적으로 입원을 동반하는 치료를 받은 경우,연간 1천만원 한도,,,,,,,비갱신형,,,,,장기보장성 비교 공시 (10).xls,,,,반려견입원의료비Ⅱ(갱신형),보장개시일 이후 반려견이 상해 및 질병이 발생하여 그 치료를 직접적인 목적으로 입원을 동반하는 치료를 받은 경우,연간 1천만원 한도,,,,,,,,,,,,,,,,,,,,,,
현대해상,(무)현대해상굿앤굿우리펫보험(Hi2601) 1종,,"반려견입원의료비확장보장(슬관절,고관절 탈구)(갱신형)","보장개시일 이후 반려견이 슬관절,고관절질환이 발생하여 그 치료를 직접적인 목적으로 입원을 동반한 치료를 받은 경우",,,,,,,,비갱신형,,,,,장기보장성 비교 공시 (10).xls,,,,"반려견입원의료비확장보장(슬관절,고관절 탈구)(갱신형)","보장개시일 이후 반려견이 슬관절,고관절질환이 발생하여 그 치료를 직접적인 목적으로 입원을 동반한 치료를 받은 경우",,,,,,,,,,,,,,,,,,,,,,,
현대해상,(무)현대해상굿앤굿우리펫보험(Hi2601) 1종,,반려견통원의료비Ⅱ(갱신형),보장개시일 이후 반려견이 상해 및 질병이 발생하여 그 치료를 직접적인 목적으로 입원을 동반하지 않은 치료를 받은 경우,,,,,,,,비갱신형,,,,,장기보장성 비교 공시 (10).xls,,,,반려견통원의료비Ⅱ(갱신형),보장개시일 이후 반려견이 상해 및 질병이 발생하여 그 치료를 직접적인 목적으로 입원을 동반하지 않은 치료를 받은 경우,,,,,,,,,,,,,,,,,,,,,,,
현대해상,(무)현대해상굿앤굿우리펫보험(Hi2601) 1종,,"반려견통원의료비확장보장(슬관절,고관절 탈구)(갱신형)","보장개시일 이후 반려견이 슬관절,고관절질환이 발생하여 그 치료를 직접적인 목적으로 입원을 동반하지 않은 치료를 받은 경우",,,,,,,,비갱신형,,,,,장기보장성 비교 공시 (10).xls,,,,"반려견통원의료비확장보장(슬관절,고관절 탈구)(갱신형)","보장개시일 이후 반려견이 슬관절,고관절질환이 발생하여 그 치료를 직접적인 목적으로 입원을 동반하지 않은 치료를 받은 경우",,,,,,,,,,,,,,,,,,,,,,,
현대해상,(무)현대해상굿앤굿우리펫보험(Hi2601) 1종,,상해사망,상해로 사망시,1억원,,,,,,,비갱신형,,,,,장기보장성 비교 공시 (10).xls,,,,상해사망,상해로 사망시,1억원,,,,,,,,,,,,,,,,,,,,,,
현대해상,(무)현대해상다이렉트굿앤굿우리펫보험(Hi2601) 2종,(무)현대해상다이렉트굿앤굿우리펫보험(Hi2601) 2종,기본계약(상해후유장해(80%이상)),상해로 80%이상 후유장해시,1천만원,"30,480","30,480 원",120 원,120 원,,,비갱신형,,,,,장기보장성 비교 공시 (10).xls,,현대해상,(무)현대해상다이렉트굿앤굿우리펫보험(Hi2601) 2종,기본계약(상해후유장해(80%이상)),상해로 80%이상 후유장해시,1천만원,"30,480","30,460",120.8,120.4,,,,,,,,,,,,,,,,,,
현대해상,(무)현대해상다이렉트굿앤굿우리펫보험(Hi2601) 2종,,반려견사망위로금,보장개시일 이후 반려견 사망시 가입금액 지급,30만원,,,,,,,비갱신형,,,,,장기보장성 비교 공시 (10).xls,,,,반려견사망위로금,보장개시일 이후 반려견 사망시 가입금액 지급,30만원,,,,,,,,,,,,,,,,,,,,,,
현대해상,(무)현대해상다이렉트굿앤굿우리펫보험(Hi2601) 2종,,반려묘입원의료비(갱신형),보장개시일 이후 반려묘가 상해 및 질병이 발생하여 그 치료를 직접적인 목적으로 입원을 동반하는 치료를 받은 경우,연간 1.5천만원 한도,,,,,,,비갱신형,,,,,장기보장성 비교 공시 (10).xls,,,,반려묘입원의료비(갱신형),보장개시일 이후 반려묘가 상해 및 질병이 발생하여 그 치료를 직접적인 목적으로 입원을 동반하는 치료를 받은 경우,연간 1.5천만원 한도,,,,,,,,,,,,,,,,,,,,,,
현대해상,(무)현대해상다이렉트굿앤굿우리펫보험(Hi2601) 2종,,반려묘입원의료비확장보장(치과및구강질환)(갱신형),보장개시일 이후 반려묘가 치과질환(치석제거 포함) 및 구강질환이 발생하여 그 치료를 직접적인 목적으로 입원을 동반한 치료를 받은 경우,,,,,,,,비갱신형,,,,,장기보장성 비교 공시 (10).xls,,,,반려묘입원의료비확장보장(치과및구강질환)(갱신형),보장개시일 이후 반려묘가 치과질환(치석제거 포함) 및 구강질환이 발생하여 그 치료를 직접적인 목적으로 입원을 동반한 치료를 받은 경우,,,,,,,,,,,,,,,,,,,,,,,
현대해상,(무)현대해상다이렉트굿앤굿우리펫보험(Hi2601) 2종,,반려묘통원의료비(갱신형),보장개시일 이후 반려묘가 상해 및 질병이 발생하여 그 치료를 직접적인 목적으로 입원을 동반하지 않은 치료를 받은 경우,,,,,,,,비갱신형,,,,,장기보장성 비교 공시 (10).xls,,,,반려묘통원의료비(갱신형),보장개시일 이후 반려묘가 상해 및 질병이 발생하여 그 치료를 직접적인 목적으로 입원을 동반하지 않은 치료를 받은 경우,,,,,,,,,,,,,,,,,,,,,,,
현대해상,(무)현대해상다이렉트굿앤굿우리펫보험(Hi2601) 2종,,반려묘통원의료비확장보장(치과및구강질환)(갱신형),보장개시일 이후 반려묘가 치과질환(치석제거 포함) 및 구강질환이 발생하여 그 치료를 직접적인 목적으로 입원을 동반하지 않은 치료를 받은 경우,,,,,,,,비갱신형,,,,,장기보장성 비교 공시 (10).xls,,,,반려묘통원의료비확장보장(치과및구강질환)(갱신형),보장개시일 이후 반려묘가 치과질환(치석제거 포함) 및 구강질환이 발생하여 그 치료를 직접적인 목적으로 입원을 동반하지 않은 치료를 받은 경우,,,,,,,,,,,,,,,,,,,,,,,
현대해상,(무)현대해상다이렉트굿앤굿우리펫보험(Hi2601) 2종,,기본계약(상해후유장해(80%이상)),상해로 80%이상 후유장해시,1천만원,"32,750","32,750 원",108 원,107 원,,,비갱신형,,,,,장기보장성 비교 공시 (10).xls,,,,기본계약(상해후유장해(80%이상)),상해로 80%이상 후유장해시,1천만원,"32,750","32,730",108.2,107.8,,,,,,,,,,,,,,,,,,
현대해상,(무)현대해상다이렉트굿앤굿우리펫보험(Hi2601) 2종,,반려견사망위로금,보장개시일 이후 반려견 사망시 가입금액 지급,30만원,,,,,,,비갱신형,,,,,장기보장성 비교 공시 (10).xls,,,,반려견사망위로금,보장개시일 이후 반려견 사망시 가입금액 지급,30만원,,,,,,,,,,,,,,,,,,,,,,
현대해상,(무)현대해상다이렉트굿앤굿우리펫보험(Hi2601) 2종,,반려견입원의료비Ⅱ(갱신형),보장개시일 이후 반려견이 상해 및 질병이 발생하여 그 치료를 직접적인 목적으로 입원을 동반하는 치료를 받은 경우,연간 1.5천만원 한도,,,,,,,비갱신형,,,,,장기보장성 비교 공시 (10).xls,,,,반려견입원의료비Ⅱ(갱신형),보장개시일 이후 반려견이 상해 및 질병이 발생하여 그 치료를 직접적인 목적으로 입원을 동반하는 치료를 받은 경우,연간 1.5천만원 한도,,,,,,,,,,,,,,,,,,,,,,
현대해상,(무)현대해상다이렉트굿앤굿우리펫보험(Hi2601) 2종,,"반려견입원의료비확장보장(슬관절,고관절 탈구)(갱신형)","보장개시일 이후 반려견이 슬관절,고관절질환이 발생하여 그 치료를 직접적인 목적으로 입원을 동반한 치료를 받은 경우",,,,,,,,비갱신형,,,,,장기보장성 비교 공시 (10).xls,,,,"반려견입원의료비확장보장(슬관절,고관절 탈구)(갱신형)","보장개시일 이후 반려견이 슬관절,고관절질환이 발생하여 그 치료를 직접적인 목적으로 입원을 동반한 치료를 받은 경우",,,,,,,,,,,,,,,,,,,,,,,
현대해상,(무)현대해상다이렉트굿앤굿우리펫보험(Hi2601) 2종,,반려견통원의료비Ⅱ(갱신형),보장개시일 이후 반려견이 상해 및 질병이 발생하여 그 치료를 직접적인 목적으로 입원을 동반하지 않은 치료를 받은 경우,,,,,,,,비갱신형,,,,,장기보장성 비교 공시 (10).xls,,,,반려견통원의료비Ⅱ(갱신형),보장개시일 이후 반려견이 상해 및 질병이 발생하여 그 치료를 직접적인 목적으로 입원을 동반하지 않은 치료를 받은 경우,,,,,,,,,,,,,,,,,,,,,,,
현대해상,(무)현대해상다이렉트굿앤굿우리펫보험(Hi2601) 2종,,"반려견통원의료비확장보장(슬관절,고관절 탈구)(갱신형)","보장개시일 이후 반려견이 슬관절,고관절질환이 발생하여 그 치료를 직접적인 목적으로 입원을 동반하지 않은 치료를 받은 경우",,,,,,,,비갱신형,,,,,장기보장성 비교 공시 (10).xls,,,,"반려견통원의료비확장보장(슬관절,고관절 탈구)(갱신형)","보장개시일 이후 반려견이 슬관절,고관절질환이 발생하여 그 치료를 직접적인 목적으로 입원을 동반하지 않은 치료를 받은 경우",,,,,,,,,,,,,,,,,,,,,,,
현대해상,(무)현대해상굿앤굿우리펫보험(재가입용)(Hi2605) 1종,(무)현대해상굿앤굿우리펫보험(재가입용)(Hi2605) 1종,반려견입원의료비Ⅱ(재가입용)(기본계약),보장개시일 이후 반려견이 상해 및 질병이 발생하여 그 치료를 직접적인 목적으로 입원을 동반하는 치료를 받은 경우,연간 1천만원 한도,"42,246","42,246 원",117 원,117 원,,,비갱신형,,,,,장기보장성 비교 공시 (10).xls,,현대해상,(무)현대해상굿앤굿우리펫보험(재가입용)(Hi2605) 1종,반려견입원의료비Ⅱ(재가입용)(기본계약),보장개시일 이후 반려견이 상해 및 질병이 발생하여 그 치료를 직접적인 목적으로 입원을 동반하는 치료를 받은 경우,연간 1천만원 한도,"42,246","42,246",117.7,117.7,,,,,,,,,,,,,,,,,,
현대해상,(무)현대해상굿앤굿우리펫보험(재가입용)(Hi2605) 1종,,"반려견입원의료비확장보장(슬관절,고관절 탈구)(재가입용)","보장개시일 이후 반려견이 슬관절,고관절질환이 발생하여 그 치료를 직접적인 목적으로 입원을 동반한 치료를 받은 경우",,,,,,,,비갱신형,,,,,장기보장성 비교 공시 (10).xls,,,,"반려견입원의료비확장보장(슬관절,고관절 탈구)(재가입용)","보장개시일 이후 반려견이 슬관절,고관절질환이 발생하여 그 치료를 직접적인 목적으로 입원을 동반한 치료를 받은 경우",,,,,,,,,,,,,,,,,,,,,,,
현대해상,(무)현대해상굿앤굿우리펫보험(재가입용)(Hi2605) 1종,,반려견통원의료비Ⅱ(재가입용)(기본계약),보장개시일 이후 반려견이 상해 및 질병이 발생하여 그 치료를 직접적인 목적으로 입원을 동반하지 않은 치료를 받은 경우,,,,,,,,비갱신형,,,,,장기보장성 비교 공시 (10).xls,,,,반려견통원의료비Ⅱ(재가입용)(기본계약),보장개시일 이후 반려견이 상해 및 질병이 발생하여 그 치료를 직접적인 목적으로 입원을 동반하지 않은 치료를 받은 경우,,,,,,,,,,,,,,,,,,,,,,,
현대해상,(무)현대해상굿앤굿우리펫보험(재가입용)(Hi2605) 1종,,"반려견통원의료비확장보장(슬관절,고관절 탈구)(재가입용)","보장개시일 이후 반려견이 슬관절,고관절질환이 발생하여 그 치료를 직접적인 목적으로 입원을 동반하지 않은 치료를 받은 경우",,,,,,,,비갱신형,,,,,장기보장성 비교 공시 (10).xls,,,,"반려견통원의료비확장보장(슬관절,고관절 탈구)(재가입용)","보장개시일 이후 반려견이 슬관절,고관절질환이 발생하여 그 치료를 직접적인 목적으로 입원을 동반하지 않은 치료를 받은 경우",,,,,,,,,,,,,,,,,,,,,,,
현대해상,(무)현대해상굿앤굿우리펫보험(재가입용)(Hi2605) 2종,(무)현대해상굿앤굿우리펫보험(재가입용)(Hi2605) 2종,반려묘입원의료비(재가입용)(기본계약),보장개시일 이후 반려묘가 상해 및 질병이 발생하여 그 치료를 직접적인 목적으로 입원을 동반하는 치료를 받은 경우,연간 1천만원 한도,"30,054","30,054 원",121 원,121 원,,,비갱신형,,,,,장기보장성 비교 공시 (10).xls,,현대해상,(무)현대해상굿앤굿우리펫보험(재가입용)(Hi2605) 2종,반려묘입원의료비(재가입용)(기본계약),보장개시일 이후 반려묘가 상해 및 질병이 발생하여 그 치료를 직접적인 목적으로 입원을 동반하는 치료를 받은 경우,연간 1천만원 한도,"30,054","30,054",121.8,121.8,,,,,,,,,,,,,,,,,,
현대해상,(무)현대해상굿앤굿우리펫보험(재가입용)(Hi2605) 2종,,반려묘입원의료비확장보장(치과및구강질환)(재가입용),보장개시일 이후 반려묘가 치과질환(치석제거 포함) 및 구강질환이 발생하여 그 치료를 직접적인 목적으로 입원을 동반한 치료를 받은 경우,,,,,,,,비갱신형,,,,,장기보장성 비교 공시 (10).xls,,,,반려묘입원의료비확장보장(치과및구강질환)(재가입용),보장개시일 이후 반려묘가 치과질환(치석제거 포함) 및 구강질환이 발생하여 그 치료를 직접적인 목적으로 입원을 동반한 치료를 받은 경우,,,,,,,,,,,,,,,,,,,,,,,
현대해상,(무)현대해상굿앤굿우리펫보험(재가입용)(Hi2605) 2종,,반려묘통원의료비(재가입용)(기본계약),보장개시일 이후 반려묘가 상해 및 질병이 발생하여 그 치료를 직접적인 목적으로 입원을 동반하지 않은 치료를 받은 경우,,,,,,,,비갱신형,,,,,장기보장성 비교 공시 (10).xls,,,,반려묘통원의료비(재가입용)(기본계약),보장개시일 이후 반려묘가 상해 및 질병이 발생하여 그 치료를 직접적인 목적으로 입원을 동반하지 않은 치료를 받은 경우,,,,,,,,,,,,,,,,,,,,,,,
현대해상,(무)현대해상굿앤굿우리펫보험(재가입용)(Hi2605) 2종,,반려묘통원의료비확장보장(치과및구강질환)(재가입용),보장개시일 이후 반려묘가 치과질환(치석제거 포함) 및 구강질환이 발생하여 그 치료를 직접적인 목적으로 입원을 동반하지 않은 치료를 받은 경우,,,,,,,,비갱신형,,,,,장기보장성 비교 공시 (10).xls,,,,반려묘통원의료비확장보장(치과및구강질환)(재가입용),보장개시일 이후 반려묘가 치과질환(치석제거 포함) 및 구강질환이 발생하여 그 치료를 직접적인 목적으로 입원을 동반하지 않은 치료를 받은 경우,,,,,,,,,,,,,,,,,,,,,,,
현대해상,(무)현대해상다이렉트굿앤굿우리펫보험(재가입용)(Hi2605) 2종,(무)현대해상다이렉트굿앤굿우리펫보험(재가입용)(Hi2605) 2종,반려묘입원의료비(재가입용)(기본계약),보장개시일 이후 반려묘가 상해 및 질병이 발생하여 그 치료를 직접적인 목적으로 입원을 동반하는 치료를 받은 경우,연간 1.5천만원 한도,"28,176","28,176 원",111 원,111 원,,,비갱신형,,,,,장기보장성 비교 공시 (10).xls,,현대해상,(무)현대해상다이렉트굿앤굿우리펫보험(재가입용)(Hi2605) 2종,반려묘입원의료비(재가입용)(기본계약),보장개시일 이후 반려묘가 상해 및 질병이 발생하여 그 치료를 직접적인 목적으로 입원을 동반하는 치료를 받은 경우,연간 1.5천만원 한도,"28,176","28,176",111.8,111.8,,,,,,,,,,,,,,,,,,
현대해상,(무)현대해상다이렉트굿앤굿우리펫보험(재가입용)(Hi2605) 2종,,반려묘입원의료비확장보장(치과및구강질환)(재가입용),보장개시일 이후 반려묘가 치과질환(치석제거 포함) 및 구강질환이 발생하여 그 치료를 직접적인 목적으로 입원을 동반한 치료를 받은 경우,,,,,,,,비갱신형,,,,,장기보장성 비교 공시 (10).xls,,,,반려묘입원의료비확장보장(치과및구강질환)(재가입용),보장개시일 이후 반려묘가 치과질환(치석제거 포함) 및 구강질환이 발생하여 그 치료를 직접적인 목적으로 입원을 동반한 치료를 받은 경우,,,,,,,,,,,,,,,,,,,,,,,
현대해상,(무)현대해상다이렉트굿앤굿우리펫보험(재가입용)(Hi2605) 2종,,반려묘통원의료비(재가입용)(기본계약),보장개시일 이후 반려묘가 상해 및 질병이 발생하여 그 치료를 직접적인 목적으로 입원을 동반하지 않은 치료를 받은 경우,,,,,,,,비갱신형,,,,,장기보장성 비교 공시 (10).xls,,,,반려묘통원의료비(재가입용)(기본계약),보장개시일 이후 반려묘가 상해 및 질병이 발생하여 그 치료를 직접적인 목적으로 입원을 동반하지 않은 치료를 받은 경우,,,,,,,,,,,,,,,,,,,,,,,
현대해상,(무)현대해상다이렉트굿앤굿우리펫보험(재가입용)(Hi2605) 2종,,반려묘통원의료비확장보장(치과및구강질환)(재가입용),보장개시일 이후 반려묘가 치과질환(치석제거 포함) 및 구강질환이 발생하여 그 치료를 직접적인 목적으로 입원을 동반하지 않은 치료를 받은 경우,,,,,,,,비갱신형,,,,,장기보장성 비교 공시 (10).xls,,,,반려묘통원의료비확장보장(치과및구강질환)(재가입용),보장개시일 이후 반려묘가 치과질환(치석제거 포함) 및 구강질환이 발생하여 그 치료를 직접적인 목적으로 입원을 동반하지 않은 치료를 받은 경우,,,,,,,,,,,,,,,,,,,,,,,
현대해상,(무)현대해상다이렉트굿앤굿우리펫보험(재가입용)(Hi2605) 1종,(무)현대해상다이렉트굿앤굿우리펫보험(재가입용)(Hi2605) 1종,반려견입원의료비Ⅱ(재가입용)(기본계약),보장개시일 이후 반려견이 상해 및 질병이 발생하여 그 치료를 직접적인 목적으로 입원을 동반하는 치료를 받은 경우,연간 1.5천만원 한도,"37,002","37,002 원",100 원,100 원,,,비갱신형,,,,,장기보장성 비교 공시 (10).xls,,현대해상,(무)현대해상다이렉트굿앤굿우리펫보험(재가입용)(Hi2605) 1종,반려견입원의료비Ⅱ(재가입용)(기본계약),보장개시일 이후 반려견이 상해 및 질병이 발생하여 그 치료를 직접적인 목적으로 입원을 동반하는 치료를 받은 경우,연간 1.5천만원 한도,"37,002","37,002",100.3,100.3,,,,,,,,,,,,,,,,,,
현대해상,(무)현대해상다이렉트굿앤굿우리펫보험(재가입용)(Hi2605) 1종,,"반려견입원의료비확장보장(슬관절,고관절 탈구)(재가입용)","보장개시일 이후 반려견이 슬관절,고관절질환이 발생하여 그 치료를 직접적인 목적으로 입원을 동반한 치료를 받은 경우",,,,,,,,비갱신형,,,,,장기보장성 비교 공시 (10).xls,,,,"반려견입원의료비확장보장(슬관절,고관절 탈구)(재가입용)","보장개시일 이후 반려견이 슬관절,고관절질환이 발생하여 그 치료를 직접적인 목적으로 입원을 동반한 치료를 받은 경우",,,,,,,,,,,,,,,,,,,,,,,
현대해상,(무)현대해상다이렉트굿앤굿우리펫보험(재가입용)(Hi2605) 1종,,반려견통원의료비Ⅱ(재가입용)(기본계약),보장개시일 이후 반려견이 상해 및 질병이 발생하여 그 치료를 직접적인 목적으로 입원을 동반하지 않은 치료를 받은 경우,,,,,,,,비갱신형,,,,,장기보장성 비교 공시 (10).xls,,,,반려견통원의료비Ⅱ(재가입용)(기본계약),보장개시일 이후 반려견이 상해 및 질병이 발생하여 그 치료를 직접적인 목적으로 입원을 동반하지 않은 치료를 받은 경우,,,,,,,,,,,,,,,,,,,,,,,
현대해상,(무)현대해상다이렉트굿앤굿우리펫보험(재가입용)(Hi2605) 1종,,"반려견통원의료비확장보장(슬관절,고관절 탈구)(재가입용)","보장개시일 이후 반려견이 슬관절,고관절질환이 발생하여 그 치료를 직접적인 목적으로 입원을 동반하지 않은 치료를 받은 경우",,,,,,,,비갱신형,,,,,장기보장성 비교 공시 (10).xls,,,,"반려견통원의료비확장보장(슬관절,고관절 탈구)(재가입용)","보장개시일 이후 반려견이 슬관절,고관절질환이 발생하여 그 치료를 직접적인 목적으로 입원을 동반하지 않은 치료를 받은 경우",,,,,,,,,,,,,,,,,,,,,,,
KB손보,KB 금쪽같은 펫보험(고양이)(무배당)(26.01),KB 금쪽같은 펫보험(고양이)(무배당)(26.01),"무지개다리위로금(고양이, 사망)【갱신계약】",보험기간 중 반려묘가 사망시,보험가입금액,"51,954","51,954 원",119 원,121 원,,,비갱신형,,,,,장기보장성 비교 공시 (10).xls,,KB손보,KB 금쪽같은 펫보험(고양이)(무배당)(26.01),"무지개다리위로금(고양이, 사망)【갱신계약】",보험기간 중 반려묘가 사망시,보험가입금액,"51,954","49,674",119.9,121.2,,,,,,,,,,,,,,,,,,
KB손보,KB 금쪽같은 펫보험(고양이)(무배당)(26.01),,반려동물양육자금Ⅰ(일반상해사망),보험기간 중 일반상해사고로 사망시,,,,,,,,비갱신형,,,,,장기보장성 비교 공시 (10).xls,,,,반려동물양육자금Ⅰ(일반상해사망),보험기간 중 일반상해사고로 사망시,,,,,,,,,,,,,,,,,,,,,,,
KB손보,KB 금쪽같은 펫보험(고양이)(무배당)(26.01),,반려동물양육자금Ⅱ(질병사망),보험기간 중 질병으로 인한 사망시,,,,,,,,비갱신형,,,,,장기보장성 비교 공시 (10).xls,,,,반려동물양육자금Ⅱ(질병사망),보험기간 중 질병으로 인한 사망시,,,,,,,,,,,,,,,,,,,,,,,
KB손보,KB 금쪽같은 펫보험(고양이)(무배당)(26.01),,반려동물의료비Ⅱ(고양이),보험기간 중 약관에서 정한 반려묘의 치료가 발생한 경우,보험가입금액 한도,,,,,,,비갱신형,,,,,장기보장성 비교 공시 (10).xls,,,,반려동물의료비Ⅱ(고양이),보험기간 중 약관에서 정한 반려묘의 치료가 발생한 경우,보험가입금액 한도,,,,,,,,,,,,,,,,,,,,,,
KB손보,KB 금쪽같은 펫보험(고양이)(무배당)(26.01),,일반상해80%이상후유장해,보험기간 중 일반상해사고로 80%이상 후유장해시,보험가입금액(최초1회한),,,,,,,비갱신형,,,,,장기보장성 비교 공시 (10).xls,,,,일반상해80%이상후유장해,보험기간 중 일반상해사고로 80%이상 후유장해시,보험가입금액(최초1회한),,,,,,,,,,,,,,,,,,,,,,
KB손보,KB 금쪽같은 펫보험(강아지)(무배당)(26.01),KB 금쪽같은 펫보험(강아지)(무배당)(26.01),"무지개다리위로금(강아지, 사망)【갱신계약】",보험기간 중 반려견이 사망시,보험가입금액,"43,759","43,759 원",124 원,126 원,,,비갱신형,,,,,장기보장성 비교 공시 (10).xls,,KB손보,KB 금쪽같은 펫보험(강아지)(무배당)(26.01),"무지개다리위로금(강아지, 사망)【갱신계약】",보험기간 중 반려견이 사망시,보험가입금액,"43,759","41,479",124.6,126.7,,,,,,,,,,,,,,,,,,
KB손보,KB 금쪽같은 펫보험(강아지)(무배당)(26.01),,반려동물배상책임(강아지)【갱신계약】,보험기간 중 약관에서 정한 배상책임 사항이 발생하는 경우,보험가입금액 한도,,,,,,,비갱신형,,,,,장기보장성 비교 공시 (10).xls,,,,반려동물배상책임(강아지)【갱신계약】,보험기간 중 약관에서 정한 배상책임 사항이 발생하는 경우,보험가입금액 한도,,,,,,,,,,,,,,,,,,,,,,
KB손보,KB 금쪽같은 펫보험(강아지)(무배당)(26.01),,반려동물양육자금Ⅰ(일반상해사망),보험기간 중 일반상해사고로 사망시,보험가입금액,,,,,,,비갱신형,,,,,장기보장성 비교 공시 (10).xls,,,,반려동물양육자금Ⅰ(일반상해사망),보험기간 중 일반상해사고로 사망시,보험가입금액,,,,,,,,,,,,,,,,,,,,,,
KB손보,KB 금쪽같은 펫보험(강아지)(무배당)(26.01),,반려동물양육자금Ⅱ(질병사망),보험기간 중 질병으로 인한 사망시,,,,,,,,비갱신형,,,,,장기보장성 비교 공시 (10).xls,,,,반려동물양육자금Ⅱ(질병사망),보험기간 중 질병으로 인한 사망시,,,,,,,,,,,,,,,,,,,,,,,
KB손보,KB 금쪽같은 펫보험(강아지)(무배당)(26.01),,반려동물의료비Ⅱ(강아지),보험기간 중 약관에서 정한 반려견의 치료가 발생한 경우,보험가입금액 한도,,,,,,,비갱신형,,,,,장기보장성 비교 공시 (10).xls,,,,반려동물의료비Ⅱ(강아지),보험기간 중 약관에서 정한 반려견의 치료가 발생한 경우,보험가입금액 한도,,,,,,,,,,,,,,,,,,,,,,
KB손보,KB 금쪽같은 펫보험(강아지)(무배당)(26.01),,일반상해80%이상후유장해,보험기간 중 일반상해사고로 80%이상 후유장해시,보험가입금액(최초1회한),,,,,,,비갱신형,,,,,장기보장성 비교 공시 (10).xls,,,,일반상해80%이상후유장해,보험기간 중 일반상해사고로 80%이상 후유장해시,보험가입금액(최초1회한),,,,,,,,,,,,,,,,,,,,,,
KB손보,KB 다이렉트 금쪽같은 펫보험(고양이)(무배당)(26.05),KB 다이렉트 금쪽같은 펫보험(고양이)(무배당)(26.05),"무지개다리위로금(고양이, 사망)【갱신계약】",보험기간 중 반려묘가 사망시,보험가입금액,"43,168","43,168 원",104 원,104 원,,,비갱신형,,,,,장기보장성 비교 공시 (10).xls,,KB손보,KB 다이렉트 금쪽같은 펫보험(고양이)(무배당)(26.05),"무지개다리위로금(고양이, 사망)【갱신계약】",보험기간 중 반려묘가 사망시,보험가입금액,"43,168","41,958",104.7,104.6,,,,,,,,,,,,,,,,,,
KB손보,KB 다이렉트 금쪽같은 펫보험(고양이)(무배당)(26.05),,반려동물양육자금Ⅰ(일반상해사망),보험기간 중 일반상해사고로 사망시,,,,,,,,비갱신형,,,,,장기보장성 비교 공시 (10).xls,,,,반려동물양육자금Ⅰ(일반상해사망),보험기간 중 일반상해사고로 사망시,,,,,,,,,,,,,,,,,,,,,,,
KB손보,KB 다이렉트 금쪽같은 펫보험(고양이)(무배당)(26.05),,반려동물의료비Ⅱ(고양이),보험기간 중 약관에서 정한 반려묘의 치료가 발생한 경우,보험가입금액 한도,,,,,,,비갱신형,,,,,장기보장성 비교 공시 (10).xls,,,,반려동물의료비Ⅱ(고양이),보험기간 중 약관에서 정한 반려묘의 치료가 발생한 경우,보험가입금액 한도,,,,,,,,,,,,,,,,,,,,,,
KB손보,KB 다이렉트 금쪽같은 펫보험(고양이)(무배당)(26.05),,일반상해80%이상후유장해,보험기간 중 일반상해사고로 80%이상 후유장해시,보험가입금액(최초1회한),,,,,,,비갱신형,,,,,장기보장성 비교 공시 (10).xls,,,,일반상해80%이상후유장해,보험기간 중 일반상해사고로 80%이상 후유장해시,보험가입금액(최초1회한),,,,,,,,,,,,,,,,,,,,,,
KB손보,KB 다이렉트 금쪽같은 펫보험(강아지)(무배당)(26.05),KB 다이렉트 금쪽같은 펫보험(강아지)(무배당)(26.05),"무지개다리위로금(강아지, 사망)【갱신계약】",보험기간 중 반려견이 사망시,보험가입금액,"35,999","35,999 원",109 원,109 원,,,비갱신형,,,,,장기보장성 비교 공시 (10).xls,,KB손보,KB 다이렉트 금쪽같은 펫보험(강아지)(무배당)(26.05),"무지개다리위로금(강아지, 사망)【갱신계약】",보험기간 중 반려견이 사망시,보험가입금액,"35,999","34,789",109.1,109.2,,,,,,,,,,,,,,,,,,
KB손보,KB 다이렉트 금쪽같은 펫보험(강아지)(무배당)(26.05),,반려동물배상책임(강아지)【갱신계약】,보험기간 중 약관에서 정한 배상책임 사항이 발생하는 경우,보험가입금액 한도,,,,,,,비갱신형,,,,,장기보장성 비교 공시 (10).xls,,,,반려동물배상책임(강아지)【갱신계약】,보험기간 중 약관에서 정한 배상책임 사항이 발생하는 경우,보험가입금액 한도,,,,,,,,,,,,,,,,,,,,,,
KB손보,KB 다이렉트 금쪽같은 펫보험(강아지)(무배당)(26.05),,반려동물양육자금Ⅰ(일반상해사망),보험기간 중 일반상해사고로 사망시,보험가입금액,,,,,,,비갱신형,,,,,장기보장성 비교 공시 (10).xls,,,,반려동물양육자금Ⅰ(일반상해사망),보험기간 중 일반상해사고로 사망시,보험가입금액,,,,,,,,,,,,,,,,,,,,,,
KB손보,KB 다이렉트 금쪽같은 펫보험(강아지)(무배당)(26.05),,반려동물의료비Ⅱ(강아지),보험기간 중 약관에서 정한 반려견의 치료가 발생한 경우,보험가입금액 한도,,,,,,,비갱신형,,,,,장기보장성 비교 공시 (10).xls,,,,반려동물의료비Ⅱ(강아지),보험기간 중 약관에서 정한 반려견의 치료가 발생한 경우,보험가입금액 한도,,,,,,,,,,,,,,,,,,,,,,
KB손보,KB 다이렉트 금쪽같은 펫보험(강아지)(무배당)(26.05),,일반상해80%이상후유장해,보험기간 중 일반상해사고로 80%이상 후유장해시,보험가입금액(최초1회한),,,,,,,비갱신형,,,,,장기보장성 비교 공시 (10).xls,,,,일반상해80%이상후유장해,보험기간 중 일반상해사고로 80%이상 후유장해시,보험가입금액(최초1회한),,,,,,,,,,,,,,,,,,,,,,
KB손보,KB 금쪽같은 펫보험(강아지)(재가입용)(무배당)(26.05),KB 금쪽같은 펫보험(강아지)(재가입용)(무배당)(26.05),반려동물의료비Ⅱ(강아지),보험기간 중 약관에서 정한 반려견의 치료가 발생한 경우,보험가입금액 한도,"64,148","64,148 원",102 원,102 원,,,비갱신형,,,,,장기보장성 비교 공시 (10).xls,,KB손보,KB 금쪽같은 펫보험(강아지)(재가입용)(무배당)(26.05),반려동물의료비Ⅱ(강아지),보험기간 중 약관에서 정한 반려견의 치료가 발생한 경우,보험가입금액 한도,"64,148","64,148",102.6,102.6,,,,,,,,,,,,,,,,,,
KB손보,KB 금쪽같은 펫보험(강아지)(재가입용)(무배당)(26.05),,반려동물의료비확장보장Ⅱ(주요치료)(강아지),,,,,,,,,비갱신형,,,,,장기보장성 비교 공시 (10).xls,,,,반려동물의료비확장보장Ⅱ(주요치료)(강아지),,,,,,,,,,,,,,,,,,,,,,,,
KB손보,KB 금쪽같은 펫보험(고양이)(재가입용)(무배당)(26.05),KB 금쪽같은 펫보험(고양이)(재가입용)(무배당)(26.05),반려동물의료비Ⅱ(고양이),보험기간 중 약관에서 정한 반려묘의 치료가 발생한 경우,보험가입금액 한도,"45,140","45,140 원",97 원,97 원,,,비갱신형,,,,,장기보장성 비교 공시 (10).xls,,KB손보,KB 금쪽같은 펫보험(고양이)(재가입용)(무배당)(26.05),반려동물의료비Ⅱ(고양이),보험기간 중 약관에서 정한 반려묘의 치료가 발생한 경우,보험가입금액 한도,"45,140","45,140",97.7,97.7,,,,,,,,,,,,,,,,,,
KB손보,KB 금쪽같은 펫보험(고양이)(재가입용)(무배당)(26.05),,반려동물의료비확장보장Ⅱ(주요치료)(고양이),,,,,,,,,비갱신형,,,,,장기보장성 비교 공시 (10).xls,,,,반려동물의료비확장보장Ⅱ(주요치료)(고양이),,,,,,,,,,,,,,,,,,,,,,,,
KB손보,KB 다이렉트 금쪽같은 펫보험(강아지)(재가입용)(무배당)(26.05),KB 다이렉트 금쪽같은 펫보험(강아지)(재가입용)(무배당)(26.05),반려동물의료비Ⅱ(강아지),보험기간 중 약관에서 정한 반려견의 치료가 발생한 경우,보험가입금액 한도,"56,342","56,342 원",90 원,90 원,,,비갱신형,,,,,장기보장성 비교 공시 (10).xls,,KB손보,KB 다이렉트 금쪽같은 펫보험(강아지)(재가입용)(무배당)(26.05),반려동물의료비Ⅱ(강아지),보험기간 중 약관에서 정한 반려견의 치료가 발생한 경우,보험가입금액 한도,"56,342","56,342",90.1,90.1,,,,,,,,,,,,,,,,,,
KB손보,KB 다이렉트 금쪽같은 펫보험(강아지)(재가입용)(무배당)(26.05),,반려동물의료비확장보장Ⅱ(주요치료)(강아지),,,,,,,,,비갱신형,,,,,장기보장성 비교 공시 (10).xls,,,,반려동물의료비확장보장Ⅱ(주요치료)(강아지),,,,,,,,,,,,,,,,,,,,,,,,
KB손보,KB 다이렉트 금쪽같은 펫보험(고양이)(재가입용)(무배당)(26.05),KB 다이렉트 금쪽같은 펫보험(고양이)(재가입용)(무배당)(26.05),반려동물의료비Ⅱ(고양이),보험기간 중 약관에서 정한 반려묘의 치료가 발생한 경우,보험가입금액 한도,"39,737","39,737 원",86 원,86 원,,,비갱신형,,,,,장기보장성 비교 공시 (10).xls,,KB손보,KB 다이렉트 금쪽같은 펫보험(고양이)(재가입용)(무배당)(26.05),반려동물의료비Ⅱ(고양이),보험기간 중 약관에서 정한 반려묘의 치료가 발생한 경우,보험가입금액 한도,"39,737","39,737",86,86,,,,,,,,,,,,,,,,,,
KB손보,KB 다이렉트 금쪽같은 펫보험(고양이)(재가입용)(무배당)(26.05),,반려동물의료비확장보장Ⅱ(주요치료)(고양이),,,,,,,,,비갱신형,,,,,장기보장성 비교 공시 (10).xls,,,,반려동물의료비확장보장Ⅱ(주요치료)(고양이),,,,,,,,,,,,,,,,,,,,,,,,
DB손보,(무)펫블리 반려묘보험2604,(무)펫블리 반려묘보험2604,반려동물 장례지원비(고양이),반려동물이 장례지원비 보장개시일(계약일로부터 30일이 지난날의 다음날) 이후에 사망한 경우,보험가입금액(30만원),"22,877","22,877 원",127 원,126 원,,,비갱신형,,,,,장기보장성 비교 공시 (10).xls,,DB손보,(무)펫블리 반려묘보험2604,반려동물 장례지원비(고양이),반려동물이 장례지원비 보장개시일(계약일로부터 30일이 지난날의 다음날) 이후에 사망한 경우,보험가입금액(30만원),"22,877","22,847",127.5,126.8,,,,,,,,,,,,,,,,,,
DB손보,(무)펫블리 반려묘보험2604,,반려동물의료비Ⅴ 치과및구강질환 확장보장(고양이)(실손),"치석제거 및 치아부정교합 등 치과치료비용, 구강내 질환을 원인으로 국내에서 수의사에게 치료를 받은 경우",보험가입금액(1000만원),,,,,,,비갱신형,,,,,장기보장성 비교 공시 (10).xls,,,,반려동물의료비Ⅴ 치과및구강질환 확장보장(고양이)(실손),"치석제거 및 치아부정교합 등 치과치료비용, 구강내 질환을 원인으로 국내에서 수의사에게 치료를 받은 경우",보험가입금액(1000만원),,,,,,,,,,,,,,,,,,,,,,
DB손보,(무)펫블리 반려묘보험2604,,"반려동물의료비Ⅴ(고양이)(MRI,CT,내시경 검사시 보장금액확대)(연간1회한)","피보험자가 보험기간 중 반려동물에게 상해 또는 질병이 발생하여 치료를 직접적인 목적으로 영상검사(MRI,CT,내시경)를 시행한 경우",보험가입금액(100만원),,,,,,,비갱신형,,,,,장기보장성 비교 공시 (10).xls,,,,"반려동물의료비Ⅴ(고양이)(MRI,CT,내시경 검사시 보장금액확대)(연간1회한)","피보험자가 보험기간 중 반려동물에게 상해 또는 질병이 발생하여 치료를 직접적인 목적으로 영상검사(MRI,CT,내시경)를 시행한 경우",보험가입금액(100만원),,,,,,,,,,,,,,,,,,,,,,
DB손보,(무)펫블리 반려묘보험2604,,반려동물의료비Ⅴ(고양이)(실손),반려동물이 의료비 보장개시일 이후에 상해 또는 질병으로 인하여 국내에서 수의사에게 치료를 받은 경우,보험가입금액(1000만원),,,,,,,비갱신형,,,,,장기보장성 비교 공시 (10).xls,,,,반려동물의료비Ⅴ(고양이)(실손),반려동물이 의료비 보장개시일 이후에 상해 또는 질병으로 인하여 국내에서 수의사에게 치료를 받은 경우,보험가입금액(1000만원),,,,,,,,,,,,,,,,,,,,,,
DB손보,(무)펫블리 반려묘보험2604,,상해80%이상후유장해,피보험자가 보험기간 중 급격하고도 우연한 외래의 사고로 인해 신체에 상해를 입고 그 직접결과로써 80%이상 후유장해가 발생한 경우,보험가입금액(1천만원),,,,,,,비갱신형,,,,,장기보장성 비교 공시 (10).xls,,,,상해80%이상후유장해,피보험자가 보험기간 중 급격하고도 우연한 외래의 사고로 인해 신체에 상해를 입고 그 직접결과로써 80%이상 후유장해가 발생한 경우,보험가입금액(1천만원),,,,,,,,,,,,,,,,,,,,,,
DB손보,(무)더간단 펫블리 반려견보험2604(1종),(무)더간단 펫블리 반려견보험2604(1종),개물림사고 벌금(실손)(갱신형),"반려동물(개)의 행위에 기인하는 개물림 사고로 동물보호법 제97조(벌칙) 제1항 3호, 동물보호법 제97조(벌칙) 제2항 4호, 형법 제266조(과실치상), 형법 제267조(과실치사)에 따른 벌금형이 확정된 경우",보험가입금액(3000만원),"18,672","18,672 원",112 원,112 원,,,비갱신형,,,,,장기보장성 비교 공시 (10).xls,,DB손보,(무)더간단 펫블리 반려견보험2604(1종),개물림사고 벌금(실손)(갱신형),"반려동물(개)의 행위에 기인하는 개물림 사고로 동물보호법 제97조(벌칙) 제1항 3호, 동물보호법 제97조(벌칙) 제2항 4호, 형법 제266조(과실치상), 형법 제267조(과실치사)에 따른 벌금형이 확정된 경우",보험가입금액(3000만원),"18,672","18,672",112.5,112.5,,,,,,,,,,,,,,,,,,
DB손보,(무)더간단 펫블리 반려견보험2604(1종),,반려동물의료비Ⅴ(슬관절/고관절탈구포함(1년이후))(실손),반려동물이 의료비 보장개시일 이후에 상해 또는 질병으로 인하여 국내에서 수의사에게 치료를 받은 경우(슬관절/고관절 포함),보험가입금액(1000만원),,,,,,,비갱신형,,,,,장기보장성 비교 공시 (10).xls,,,,반려동물의료비Ⅴ(슬관절/고관절탈구포함(1년이후))(실손),반려동물이 의료비 보장개시일 이후에 상해 또는 질병으로 인하여 국내에서 수의사에게 치료를 받은 경우(슬관절/고관절 포함),보험가입금액(1000만원),,,,,,,,,,,,,,,,,,,,,,
DB손보,(무)더간단 펫블리 반려견보험2604(1종),,반려동물의료비Ⅴ치과및구강질환확장(실손),"치석제거 및 치아부정교합 등 치과치료비용, 구강내 질환을 원인으로 국내에서 수의사에게 치료를 받은 경우",,,,,,,,비갱신형,,,,,장기보장성 비교 공시 (10).xls,,,,반려동물의료비Ⅴ치과및구강질환확장(실손),"치석제거 및 치아부정교합 등 치과치료비용, 구강내 질환을 원인으로 국내에서 수의사에게 치료를 받은 경우",,,,,,,,,,,,,,,,,,,,,,,
DB손보,(무)더간단 펫블리 반려견보험2604(1종),,반려동물의료비Ⅴ특정피부약물치료확장(실손),특정피부약물치료를 원인으로 국내에서 수의사에게 치료를 받은 경우,,,,,,,,비갱신형,,,,,장기보장성 비교 공시 (10).xls,,,,반려동물의료비Ⅴ특정피부약물치료확장(실손),특정피부약물치료를 원인으로 국내에서 수의사에게 치료를 받은 경우,,,,,,,,,,,,,,,,,,,,,,,
DB손보,(무)더간단 펫블리 반려견보험2604(1종),,반려동물장례지원비(갱신형),보험증권에 기재된 반려동물이 보험기간 중에 사망한 경우,보험가입금액(30만원),,,,,,,비갱신형,,,,,장기보장성 비교 공시 (10).xls,,,,반려동물장례지원비(갱신형),보험증권에 기재된 반려동물이 보험기간 중에 사망한 경우,보험가입금액(30만원),,,,,,,,,,,,,,,,,,,,,,
DB손보,(무)더간단 펫블리 반려견보험2604(2종),(무)더간단 펫블리 반려견보험2604(2종),개물림사고 벌금(실손)(갱신형),"반려동물(개)의 행위에 기인하는 개물림 사고로 동물보호법 제97조(벌칙) 제1항 3호, 동물보호법 제97조(벌칙) 제2항 4호, 형법 제266조(과실치상), 형법 제267조(과실치사)에 따른 벌금형이 확정된 경우",보험가입금액(3000만원),"30,888","30,888 원",112 원,112 원,,,비갱신형,,,,,장기보장성 비교 공시 (10).xls,,DB손보,(무)더간단 펫블리 반려견보험2604(2종),개물림사고 벌금(실손)(갱신형),"반려동물(개)의 행위에 기인하는 개물림 사고로 동물보호법 제97조(벌칙) 제1항 3호, 동물보호법 제97조(벌칙) 제2항 4호, 형법 제266조(과실치상), 형법 제267조(과실치사)에 따른 벌금형이 확정된 경우",보험가입금액(3000만원),"30,888","30,888",112.9,112.9,,,,,,,,,,,,,,,,,,
DB손보,(무)더간단 펫블리 반려견보험2604(2종),,반려동물의료비Ⅵ(슬관절/고관절탈구포함(1년이후))(실손),반려동물이 의료비 보장개시일 이후에 상해 또는 질병으로 인하여 국내에서 수의사에게 치료를 받은 경우(슬관절/고관절 포함),보험가입금액(1000만원),,,,,,,비갱신형,,,,,장기보장성 비교 공시 (10).xls,,,,반려동물의료비Ⅵ(슬관절/고관절탈구포함(1년이후))(실손),반려동물이 의료비 보장개시일 이후에 상해 또는 질병으로 인하여 국내에서 수의사에게 치료를 받은 경우(슬관절/고관절 포함),보험가입금액(1000만원),,,,,,,,,,,,,,,,,,,,,,
DB손보,(무)더간단 펫블리 반려견보험2604(2종),,반려동물의료비Ⅵ치과및구강질환확장(실손),"치석제거 및 치아부정교합 등 치과치료비용, 구강내 질환을 원인으로 국내에서 수의사에게 치료를 받은 경우",,,,,,,,비갱신형,,,,,장기보장성 비교 공시 (10).xls,,,,반려동물의료비Ⅵ치과및구강질환확장(실손),"치석제거 및 치아부정교합 등 치과치료비용, 구강내 질환을 원인으로 국내에서 수의사에게 치료를 받은 경우",,,,,,,,,,,,,,,,,,,,,,,
DB손보,(무)더간단 펫블리 반려견보험2604(2종),,반려동물의료비Ⅵ특정피부약물치료확장(실손),특정피부약물치료를 원인으로 국내에서 수의사에게 치료를 받은 경우,,,,,,,,비갱신형,,,,,장기보장성 비교 공시 (10).xls,,,,반려동물의료비Ⅵ특정피부약물치료확장(실손),특정피부약물치료를 원인으로 국내에서 수의사에게 치료를 받은 경우,,,,,,,,,,,,,,,,,,,,,,,
DB손보,(무)다이렉트 펫블리 반려묘보험2604(CM),(무)다이렉트 펫블리 반려묘보험2604(CM),반려동물 장례지원비(고양이)(갱신형),반려동물이 장례지원비보장개시일(계약일로부터 30일이 지난날의 다음날) 이후에 사망한 경우,보험가입금액(30만원),"34,147","34,147 원",106 원,105 원,,,비갱신형,,,,,장기보장성 비교 공시 (10).xls,,DB손보,(무)다이렉트 펫블리 반려묘보험2604(CM),반려동물 장례지원비(고양이)(갱신형),반려동물이 장례지원비보장개시일(계약일로부터 30일이 지난날의 다음날) 이후에 사망한 경우,보험가입금액(30만원),"34,147","34,127",106.3,105.7,,,,,,,,,,,,,,,,,,
DB손보,(무)다이렉트 펫블리 반려묘보험2604(CM),,"반려동물의료비Ⅴ(고양이)(MRI,CT,내시경 검사시 보장금액확대)(연간1회한)(실손)","피보험자가 보험기간 중 반려동물에게 상해 또는 질병이 발생하여 치료를 직접적인 목적으로 영상검사(MRI,CT,내시경)를 시행한 경우",보험가입금액(100만원),,,,,,,비갱신형,,,,,장기보장성 비교 공시 (10).xls,,,,"반려동물의료비Ⅴ(고양이)(MRI,CT,내시경 검사시 보장금액확대)(연간1회한)(실손)","피보험자가 보험기간 중 반려동물에게 상해 또는 질병이 발생하여 치료를 직접적인 목적으로 영상검사(MRI,CT,내시경)를 시행한 경우",보험가입금액(100만원),,,,,,,,,,,,,,,,,,,,,,
DB손보,(무)다이렉트 펫블리 반려묘보험2604(CM),,반려동물의료비Ⅴ(고양이)(실손),반려동물이 의료비 보장개시일 이후에 상해 또는 질병으로 인하여 국내에서 수의사에게 치료를 받은 경우,보험가입금액(1000만원),,,,,,,비갱신형,,,,,장기보장성 비교 공시 (10).xls,,,,반려동물의료비Ⅴ(고양이)(실손),반려동물이 의료비 보장개시일 이후에 상해 또는 질병으로 인하여 국내에서 수의사에게 치료를 받은 경우,보험가입금액(1000만원),,,,,,,,,,,,,,,,,,,,,,
DB손보,(무)다이렉트 펫블리 반려묘보험2604(CM),,반려동물의료비Ⅴ치과및구강질환확장보장(고양이)(실손),"치석제거 및 치아부정교합 등 치과치료비용, 구강내 질환을 원인으로 국내에서 수의사에게 치료를 받은 경우",,,,,,,,비갱신형,,,,,장기보장성 비교 공시 (10).xls,,,,반려동물의료비Ⅴ치과및구강질환확장보장(고양이)(실손),"치석제거 및 치아부정교합 등 치과치료비용, 구강내 질환을 원인으로 국내에서 수의사에게 치료를 받은 경우",,,,,,,,,,,,,,,,,,,,,,,
DB손보,(무)다이렉트 펫블리 반려묘보험2604(CM),,상해80%이상후유장해(최초1회한),피보험자가 보험기간 중 급격하고도 우연한 외래의 사고로 인해 신체에 상해를 입고 그 직접결과로써 80%이상 후유장해가 발생한 경우,보험가입금액(1천만원),,,,,,,비갱신형,,,,,장기보장성 비교 공시 (10).xls,,,,상해80%이상후유장해(최초1회한),피보험자가 보험기간 중 급격하고도 우연한 외래의 사고로 인해 신체에 상해를 입고 그 직접결과로써 80%이상 후유장해가 발생한 경우,보험가입금액(1천만원),,,,,,,,,,,,,,,,,,,,,,
DB손보,(무)펫블리 반려견보험2604,(무)펫블리 반려견보험2604,반려동물 장례지원비(고양이)(갱신형),반려동물이 장례지원비보장개시일(계약일로부터 30일이 지난날의 다음날) 이후에 사망한 경우,보험가입금액(30만원),"34,147","34,147 원",106 원,105 원,,,비갱신형,,,,,장기보장성 비교 공시 (10).xls,,DB손보,(무)펫블리 반려견보험2604,반려동물 장례지원비(고양이)(갱신형),반려동물이 장례지원비보장개시일(계약일로부터 30일이 지난날의 다음날) 이후에 사망한 경우,보험가입금액(30만원),"34,147","34,127",106.3,105.7,,,,,,,,,,,,,,,,,,
DB손보,(무)펫블리 반려견보험2604,,"반려동물의료비Ⅴ(고양이)(MRI,CT,내시경 검사시 보장금액확대)(연간1회한)(실손)","피보험자가 보험기간 중 반려동물에게 상해 또는 질병이 발생하여 치료를 직접적인 목적으로 영상검사(MRI,CT,내시경)를 시행한 경우",보험가입금액(100만원),,,,,,,비갱신형,,,,,장기보장성 비교 공시 (10).xls,,,,"반려동물의료비Ⅴ(고양이)(MRI,CT,내시경 검사시 보장금액확대)(연간1회한)(실손)","피보험자가 보험기간 중 반려동물에게 상해 또는 질병이 발생하여 치료를 직접적인 목적으로 영상검사(MRI,CT,내시경)를 시행한 경우",보험가입금액(100만원),,,,,,,,,,,,,,,,,,,,,,
DB손보,(무)펫블리 반려견보험2604,,반려동물의료비Ⅴ(고양이)(실손),반려동물이 의료비 보장개시일 이후에 상해 또는 질병으로 인하여 국내에서 수의사에게 치료를 받은 경우,보험가입금액(1000만원),,,,,,,비갱신형,,,,,장기보장성 비교 공시 (10).xls,,,,반려동물의료비Ⅴ(고양이)(실손),반려동물이 의료비 보장개시일 이후에 상해 또는 질병으로 인하여 국내에서 수의사에게 치료를 받은 경우,보험가입금액(1000만원),,,,,,,,,,,,,,,,,,,,,,
DB손보,(무)펫블리 반려견보험2604,,반려동물의료비Ⅴ치과및구강질환확장보장(고양이)(실손),"치석제거 및 치아부정교합 등 치과치료비용, 구강내 질환을 원인으로 국내에서 수의사에게 치료를 받은 경우",,,,,,,,비갱신형,,,,,장기보장성 비교 공시 (10).xls,,,,반려동물의료비Ⅴ치과및구강질환확장보장(고양이)(실손),"치석제거 및 치아부정교합 등 치과치료비용, 구강내 질환을 원인으로 국내에서 수의사에게 치료를 받은 경우",,,,,,,,,,,,,,,,,,,,,,,
DB손보,(무)펫블리 반려견보험2604,,상해80%이상후유장해(최초1회한),피보험자가 보험기간 중 급격하고도 우연한 외래의 사고로 인해 신체에 상해를 입고 그 직접결과로써 80%이상 후유장해가 발생한 경우,보험가입금액(1천만원),,,,,,,비갱신형,,,,,장기보장성 비교 공시 (10).xls,,,,상해80%이상후유장해(최초1회한),피보험자가 보험기간 중 급격하고도 우연한 외래의 사고로 인해 신체에 상해를 입고 그 직접결과로써 80%이상 후유장해가 발생한 경우,보험가입금액(1천만원),,,,,,,,,,,,,,,,,,,,,,
DB손보,(무)펫블리 반려견보험2605,(무)펫블리 반려견보험2605,반려동물의료비Ⅴ(슬관절/고관절탈구포함(1년이후))(실손),반려동물이 의료비 보장개시일 이후에 상해 또는 질병으로 인하여 국내에서 수의사에게 치료를 받은 경우(슬관절/고관절 포함),보험가입금액(2000만원),"37,792","37,792 원",129 원,128 원,,,비갱신형,,,,,장기보장성 비교 공시 (10).xls,,DB손보,(무)펫블리 반려견보험2605,반려동물의료비Ⅴ(슬관절/고관절탈구포함(1년이후))(실손),반려동물이 의료비 보장개시일 이후에 상해 또는 질병으로 인하여 국내에서 수의사에게 치료를 받은 경우(슬관절/고관절 포함),보험가입금액(2000만원),"37,792","37,762",129.3,128.6,,,,,,,,,,,,,,,,,,
DB손보,(무)펫블리 반려견보험2605,,반려동물의료비Ⅴ치과및구강질환확장(실손),"치석제거 및 치아부정교합 등 치과치료비용, 구강내 질환을 원인으로 국내에서 수의사에게 치료를 받은 경우",,,,,,,,비갱신형,,,,,장기보장성 비교 공시 (10).xls,,,,반려동물의료비Ⅴ치과및구강질환확장(실손),"치석제거 및 치아부정교합 등 치과치료비용, 구강내 질환을 원인으로 국내에서 수의사에게 치료를 받은 경우",,,,,,,,,,,,,,,,,,,,,,,
DB손보,(무)펫블리 반려견보험2605,,반려동물의료비Ⅴ특정피부약물치료확장(실손),특정피부약물치료를 원인으로 국내에서 수의사에게 치료를 받은 경우,,,,,,,,비갱신형,,,,,장기보장성 비교 공시 (10).xls,,,,반려동물의료비Ⅴ특정피부약물치료확장(실손),특정피부약물치료를 원인으로 국내에서 수의사에게 치료를 받은 경우,,,,,,,,,,,,,,,,,,,,,,,
DB손보,(무)펫블리 반려견보험2605,,반려동물장례지원비(갱신형),보험증권에 기재된 반려동물이 보험기간 중에 사망한 경우,보험가입금액(30만원),,,,,,,비갱신형,,,,,장기보장성 비교 공시 (10).xls,,,,반려동물장례지원비(갱신형),보험증권에 기재된 반려동물이 보험기간 중에 사망한 경우,보험가입금액(30만원),,,,,,,,,,,,,,,,,,,,,,
DB손보,(무)펫블리 반려견보험2605,,상해80%이상후유장해(최초1회한),피보험자가 보험기간 중 급격하고도 우연한 외래의 사고로 인해 신체에 상해를 입고 그 직접결과로써 80%이상 후유장해가 발생한 경우,보험가입금액(1000만원),,,,,,,비갱신형,,,,,장기보장성 비교 공시 (10).xls,,,,상해80%이상후유장해(최초1회한),피보험자가 보험기간 중 급격하고도 우연한 외래의 사고로 인해 신체에 상해를 입고 그 직접결과로써 80%이상 후유장해가 발생한 경우,보험가입금액(1000만원),,,,,,,,,,,,,,,,,,,,,,
DB손보,(무)더간단 펫블리 반려견보험2605(1종),(무)더간단 펫블리 반려견보험2605(1종),개물림사고 벌금(실손)(갱신형),"반려동물(개)의 행위에 기인하는 개물림 사고로 동물보호법 제97조(벌칙) 제1항 3호, 동물보호법 제97조(벌칙) 제2항 4호, 형법 제266조(과실치상), 형법 제267조(과실치사)에 따른 벌금형이 확정된 경우",보험가입금액(3000만원),"37,766","37,766 원",114 원,114 원,,,비갱신형,,,,,장기보장성 비교 공시 (10).xls,,DB손보,(무)더간단 펫블리 반려견보험2605(1종),개물림사고 벌금(실손)(갱신형),"반려동물(개)의 행위에 기인하는 개물림 사고로 동물보호법 제97조(벌칙) 제1항 3호, 동물보호법 제97조(벌칙) 제2항 4호, 형법 제266조(과실치상), 형법 제267조(과실치사)에 따른 벌금형이 확정된 경우",보험가입금액(3000만원),"37,766","37,766",114.6,114.6,,,,,,,,,,,,,,,,,,
DB손보,(무)더간단 펫블리 반려견보험2605(1종),,반려동물의료비Ⅴ(슬관절/고관절탈구포함(1년이후))(실손),반려동물이 의료비 보장개시일 이후에 상해 또는 질병으로 인하여 국내에서 수의사에게 치료를 받은 경우(슬관절/고관절 포함),보험가입금액(2000만원),,,,,,,비갱신형,,,,,장기보장성 비교 공시 (10).xls,,,,반려동물의료비Ⅴ(슬관절/고관절탈구포함(1년이후))(실손),반려동물이 의료비 보장개시일 이후에 상해 또는 질병으로 인하여 국내에서 수의사에게 치료를 받은 경우(슬관절/고관절 포함),보험가입금액(2000만원),,,,,,,,,,,,,,,,,,,,,,
DB손보,(무)더간단 펫블리 반려견보험2605(1종),,반려동물의료비Ⅴ치과및구강질환확장(실손),"치석제거 및 치아부정교합 등 치과치료비용, 구강내 질환을 원인으로 국내에서 수의사에게 치료를 받은 경우",,,,,,,,비갱신형,,,,,장기보장성 비교 공시 (10).xls,,,,반려동물의료비Ⅴ치과및구강질환확장(실손),"치석제거 및 치아부정교합 등 치과치료비용, 구강내 질환을 원인으로 국내에서 수의사에게 치료를 받은 경우",,,,,,,,,,,,,,,,,,,,,,,
DB손보,(무)더간단 펫블리 반려견보험2605(1종),,반려동물의료비Ⅴ특정피부약물치료확장(실손),특정피부약물치료를 원인으로 국내에서 수의사에게 치료를 받은 경우,,,,,,,,비갱신형,,,,,장기보장성 비교 공시 (10).xls,,,,반려동물의료비Ⅴ특정피부약물치료확장(실손),특정피부약물치료를 원인으로 국내에서 수의사에게 치료를 받은 경우,,,,,,,,,,,,,,,,,,,,,,,
DB손보,(무)더간단 펫블리 반려견보험2605(1종),,반려동물장례지원비(갱신형),보험증권에 기재된 반려동물이 보험기간 중에 사망한 경우,보험가입금액(30만원),,,,,,,비갱신형,,,,,장기보장성 비교 공시 (10).xls,,,,반려동물장례지원비(갱신형),보험증권에 기재된 반려동물이 보험기간 중에 사망한 경우,보험가입금액(30만원),,,,,,,,,,,,,,,,,,,,,,
DB손보,(무)더간단 펫블리 반려견보험2605(2종),(무)더간단 펫블리 반려견보험2605(2종),개물림사고 벌금(실손)(갱신형),"반려동물(개)의 행위에 기인하는 개물림 사고로 동물보호법 제97조(벌칙) 제1항 3호, 동물보호법 제97조(벌칙) 제2항 4호, 형법 제266조(과실치상), 형법 제267조(과실치사)에 따른 벌금형이 확정된 경우",보험가입금액(3000만원),"22,038","22,038 원",115 원,115 원,,,비갱신형,,,,,장기보장성 비교 공시 (10).xls,,DB손보,(무)더간단 펫블리 반려견보험2605(2종),개물림사고 벌금(실손)(갱신형),"반려동물(개)의 행위에 기인하는 개물림 사고로 동물보호법 제97조(벌칙) 제1항 3호, 동물보호법 제97조(벌칙) 제2항 4호, 형법 제266조(과실치상), 형법 제267조(과실치사)에 따른 벌금형이 확정된 경우",보험가입금액(3000만원),"22,038","22,038",115.1,115.1,,,,,,,,,,,,,,,,,,
DB손보,(무)더간단 펫블리 반려견보험2605(2종),,반려동물의료비Ⅵ(슬관절/고관절탈구포함(1년이후))(실손),반려동물이 의료비 보장개시일 이후에 상해 또는 질병으로 인하여 국내에서 수의사에게 치료를 받은 경우(슬관절/고관절 포함),보험가입금액(2000만원),,,,,,,비갱신형,,,,,장기보장성 비교 공시 (10).xls,,,,반려동물의료비Ⅵ(슬관절/고관절탈구포함(1년이후))(실손),반려동물이 의료비 보장개시일 이후에 상해 또는 질병으로 인하여 국내에서 수의사에게 치료를 받은 경우(슬관절/고관절 포함),보험가입금액(2000만원),,,,,,,,,,,,,,,,,,,,,,
DB손보,(무)더간단 펫블리 반려견보험2605(2종),,반려동물의료비Ⅵ치과및구강질환확장(실손),"치석제거 및 치아부정교합 등 치과치료비용, 구강내 질환을 원인으로 국내에서 수의사에게 치료를 받은 경우",,,,,,,,비갱신형,,,,,장기보장성 비교 공시 (10).xls,,,,반려동물의료비Ⅵ치과및구강질환확장(실손),"치석제거 및 치아부정교합 등 치과치료비용, 구강내 질환을 원인으로 국내에서 수의사에게 치료를 받은 경우",,,,,,,,,,,,,,,,,,,,,,,
DB손보,(무)더간단 펫블리 반려견보험2605(2종),,반려동물의료비Ⅵ특정피부약물치료확장(실손),특정피부약물치료를 원인으로 국내에서 수의사에게 치료를 받은 경우,,,,,,,,비갱신형,,,,,장기보장성 비교 공시 (10).xls,,,,반려동물의료비Ⅵ특정피부약물치료확장(실손),특정피부약물치료를 원인으로 국내에서 수의사에게 치료를 받은 경우,,,,,,,,,,,,,,,,,,,,,,,
DB손보,(무)다이렉트 펫블리 반려견보험2605(CM),(무)다이렉트 펫블리 반려견보험2605(CM),반려동물의료비Ⅵ(슬관절/고관절탈구포함(1년이후))(실손),반려동물이 의료비 보장개시일 이후에 상해 또는 질병으로 인하여 국내에서 수의사에게 치료를 받은 경우(슬관절/고관절 포함),보험가입금액(1000만원),"29,956","29,956 원",105 원,104 원,,,비갱신형,,,,,장기보장성 비교 공시 (10).xls,,DB손보,(무)다이렉트 펫블리 반려견보험2605(CM),반려동물의료비Ⅵ(슬관절/고관절탈구포함(1년이후))(실손),반려동물이 의료비 보장개시일 이후에 상해 또는 질병으로 인하여 국내에서 수의사에게 치료를 받은 경우(슬관절/고관절 포함),보험가입금액(1000만원),"29,956","29,936",105.1,104.5,,,,,,,,,,,,,,,,,,
DB손보,(무)다이렉트 펫블리 반려견보험2605(CM),,반려동물의료비Ⅵ치과및구강질환확장(실손),"치석제거 및 치아부정교합 등 치과치료비용, 구강내 질환을 원인으로 국내에서 수의사에게 치료를 받은 경우",,,,,,,,비갱신형,,,,,장기보장성 비교 공시 (10).xls,,,,반려동물의료비Ⅵ치과및구강질환확장(실손),"치석제거 및 치아부정교합 등 치과치료비용, 구강내 질환을 원인으로 국내에서 수의사에게 치료를 받은 경우",,,,,,,,,,,,,,,,,,,,,,,
DB손보,(무)다이렉트 펫블리 반려견보험2605(CM),,반려동물의료비Ⅵ특정피부약물치료확장(실손),특정피부약물치료를 원인으로 국내에서 수의사에게 치료를 받은 경우,,,,,,,,비갱신형,,,,,장기보장성 비교 공시 (10).xls,,,,반려동물의료비Ⅵ특정피부약물치료확장(실손),특정피부약물치료를 원인으로 국내에서 수의사에게 치료를 받은 경우,,,,,,,,,,,,,,,,,,,,,,,
DB손보,(무)다이렉트 펫블리 반려견보험2605(CM),,반려동물장례지원비(갱신형),보험증권에 기재된 반려동물이 보험기간 중에 사망한 경우,보험가입금액(30만원),,,,,,,비갱신형,,,,,장기보장성 비교 공시 (10).xls,,,,반려동물장례지원비(갱신형),보험증권에 기재된 반려동물이 보험기간 중에 사망한 경우,보험가입금액(30만원),,,,,,,,,,,,,,,,,,,,,,
DB손보,(무)다이렉트 펫블리 반려견보험2605(CM),,상해80%이상후유장해(최초1회한),피보험자가 보험기간 중 급격하고도 우연한 외래의 사고로 인해 신체에 상해를 입고 그 직접결과로써 80%이상 후유장해가 발생한 경우,보험가입금액(1000만원),,,,,,,비갱신형,,,,,장기보장성 비교 공시 (10).xls,,,,상해80%이상후유장해(최초1회한),피보험자가 보험기간 중 급격하고도 우연한 외래의 사고로 인해 신체에 상해를 입고 그 직접결과로써 80%이상 후유장해가 발생한 경우,보험가입금액(1000만원),,,,,,,,,,,,,,,,,,,,,,
DB손보,(무)펫블리 반려묘보험2605,(무)펫블리 반려묘보험2605,반려동물 장례지원비(고양이),반려동물이 장례지원비 보장개시일(계약일로부터 30일이 지난날의 다음날) 이후에 사망한 경우,보험가입금액(30만원),"43,813","43,813 원",130 원,129 원,,,비갱신형,,,,,장기보장성 비교 공시 (10).xls,,DB손보,(무)펫블리 반려묘보험2605,반려동물 장례지원비(고양이),반려동물이 장례지원비 보장개시일(계약일로부터 30일이 지난날의 다음날) 이후에 사망한 경우,보험가입금액(30만원),"43,813","43,783",130.1,129.4,,,,,,,,,,,,,,,,,,
DB손보,(무)펫블리 반려묘보험2605,,반려동물의료비Ⅴ 치과및구강질환 확장보장(고양이)(실손),"치석제거 및 치아부정교합 등 치과치료비용, 구강내 질환을 원인으로 국내에서 수의사에게 치료를 받은 경우",보험가입금액(2000만원),,,,,,,비갱신형,,,,,장기보장성 비교 공시 (10).xls,,,,반려동물의료비Ⅴ 치과및구강질환 확장보장(고양이)(실손),"치석제거 및 치아부정교합 등 치과치료비용, 구강내 질환을 원인으로 국내에서 수의사에게 치료를 받은 경우",보험가입금액(2000만원),,,,,,,,,,,,,,,,,,,,,,
DB손보,(무)펫블리 반려묘보험2605,,"반려동물의료비Ⅴ(고양이)(MRI,CT,내시경 검사시 보장금액확대)(연간1회한)","피보험자가 보험기간 중 반려동물에게 상해 또는 질병이 발생하여 치료를 직접적인 목적으로 영상검사(MRI,CT,내시경)를 시행한 경우",보험가입금액(100만원),,,,,,,비갱신형,,,,,장기보장성 비교 공시 (10).xls,,,,"반려동물의료비Ⅴ(고양이)(MRI,CT,내시경 검사시 보장금액확대)(연간1회한)","피보험자가 보험기간 중 반려동물에게 상해 또는 질병이 발생하여 치료를 직접적인 목적으로 영상검사(MRI,CT,내시경)를 시행한 경우",보험가입금액(100만원),,,,,,,,,,,,,,,,,,,,,,
DB손보,(무)펫블리 반려묘보험2605,,반려동물의료비Ⅴ(고양이)(실손),반려동물이 의료비 보장개시일 이후에 상해 또는 질병으로 인하여 국내에서 수의사에게 치료를 받은 경우,보험가입금액(2000만원),,,,,,,비갱신형,,,,,장기보장성 비교 공시 (10).xls,,,,반려동물의료비Ⅴ(고양이)(실손),반려동물이 의료비 보장개시일 이후에 상해 또는 질병으로 인하여 국내에서 수의사에게 치료를 받은 경우,보험가입금액(2000만원),,,,,,,,,,,,,,,,,,,,,,
DB손보,(무)펫블리 반려묘보험2605,,상해80%이상후유장해,피보험자가 보험기간 중 급격하고도 우연한 외래의 사고로 인해 신체에 상해를 입고 그 직접결과로써 80%이상 후유장해가 발생한 경우,보험가입금액(1천만원),,,,,,,비갱신형,,,,,장기보장성 비교 공시 (10).xls,,,,상해80%이상후유장해,피보험자가 보험기간 중 급격하고도 우연한 외래의 사고로 인해 신체에 상해를 입고 그 직접결과로써 80%이상 후유장해가 발생한 경우,보험가입금액(1천만원),,,,,,,,,,,,,,,,,,,,,,
DB손보,(무)더간단 펫블리 반려묘보험2605(1종),(무)더간단 펫블리 반려묘보험2605(1종),반려동물 배상책임(고양이) 3백만원,보험증권에 기재된 반려동물이 사망하고 농림축산식품부령에서 정하는 바에 따라 허가를 받은 동물장묘업체에서 장례를 치른 경우,보험가입금액(300만원),"43,838","43,838 원",115 원,115 원,,,비갱신형,,,,,장기보장성 비교 공시 (10).xls,,DB손보,(무)더간단 펫블리 반려묘보험2605(1종),반려동물 배상책임(고양이) 3백만원,보험증권에 기재된 반려동물이 사망하고 농림축산식품부령에서 정하는 바에 따라 허가를 받은 동물장묘업체에서 장례를 치른 경우,보험가입금액(300만원),"43,838","43,838",115.2,115.2,,,,,,,,,,,,,,,,,,
DB손보,(무)더간단 펫블리 반려묘보험2605(1종),,반려동물 장례지원비(고양이)(갱신형),보험증권에 기재된 반려동물이 보험기간 중에 사망한 경우,보험가입금액(30만원),,,,,,,비갱신형,,,,,장기보장성 비교 공시 (10).xls,,,,반려동물 장례지원비(고양이)(갱신형),보험증권에 기재된 반려동물이 보험기간 중에 사망한 경우,보험가입금액(30만원),,,,,,,,,,,,,,,,,,,,,,
DB손보,(무)더간단 펫블리 반려묘보험2605(1종),,"반려동물의료비Ⅴ(고양이)(MRI,CT,내시경 검사시 보장금액확대)(연간1회한)(실손)(갱신형)","피보험자가 보험기간 중 반려동물에게 상해 또는 질병이 발생하여 치료를 직접적인 목적으로 영상검사(MRI,CT,내시경)를 시행한 경우",보험가입금액(100만원),,,,,,,비갱신형,,,,,장기보장성 비교 공시 (10).xls,,,,"반려동물의료비Ⅴ(고양이)(MRI,CT,내시경 검사시 보장금액확대)(연간1회한)(실손)(갱신형)","피보험자가 보험기간 중 반려동물에게 상해 또는 질병이 발생하여 치료를 직접적인 목적으로 영상검사(MRI,CT,내시경)를 시행한 경우",보험가입금액(100만원),,,,,,,,,,,,,,,,,,,,,,
DB손보,(무)더간단 펫블리 반려묘보험2605(1종),,반려동물의료비Ⅴ(고양이)(실손)(갱신형),반려동물이 의료비 보장개시일 이후에 상해 또는 질병으로 인하여 국내에서 수의사에게 치료를 받은 경우,보험가입금액(2000만원),,,,,,,비갱신형,,,,,장기보장성 비교 공시 (10).xls,,,,반려동물의료비Ⅴ(고양이)(실손)(갱신형),반려동물이 의료비 보장개시일 이후에 상해 또는 질병으로 인하여 국내에서 수의사에게 치료를 받은 경우,보험가입금액(2000만원),,,,,,,,,,,,,,,,,,,,,,
DB손보,(무)더간단 펫블리 반려묘보험2605(1종),,반려동물의료비Ⅴ치과및구강질환 확장보장(고양이)(실손)(갱신형),"치석제거 및 치아부정교합 등 치과치료비용, 구강내 질환을 원인으로 국내에서 수의사에게 치료를 받은 경우",,,,,,,,비갱신형,,,,,장기보장성 비교 공시 (10).xls,,,,반려동물의료비Ⅴ치과및구강질환 확장보장(고양이)(실손)(갱신형),"치석제거 및 치아부정교합 등 치과치료비용, 구강내 질환을 원인으로 국내에서 수의사에게 치료를 받은 경우",,,,,,,,,,,,,,,,,,,,,,,
DB손보,(무)더간단 펫블리 반려묘보험2605(2종),(무)더간단 펫블리 반려묘보험2605(2종),반려동물 장례지원비(고양이)(갱신형),보험증권에 기재된 반려동물이 보험기간 중에 사망한 경우,보험가입금액(30만원),"17,431","17,431 원",115 원,115 원,,,비갱신형,,,,,장기보장성 비교 공시 (10).xls,,DB손보,(무)더간단 펫블리 반려묘보험2605(2종),반려동물 장례지원비(고양이)(갱신형),보험증권에 기재된 반려동물이 보험기간 중에 사망한 경우,보험가입금액(30만원),"17,431","17,431",115.4,115.4,,,,,,,,,,,,,,,,,,
DB손보,(무)더간단 펫블리 반려묘보험2605(2종),,반려동물의료비Ⅵ 치과및구강질환 확장보장(실손)(갱신형),"치석제거 및 치아부정교합 등 치과치료비용, 구강내 질환을 원인으로 국내에서 수의사에게 치료를 받은 경우",보험가입금액(700만원),,,,,,,비갱신형,,,,,장기보장성 비교 공시 (10).xls,,,,반려동물의료비Ⅵ 치과및구강질환 확장보장(실손)(갱신형),"치석제거 및 치아부정교합 등 치과치료비용, 구강내 질환을 원인으로 국내에서 수의사에게 치료를 받은 경우",보험가입금액(700만원),,,,,,,,,,,,,,,,,,,,,,
DB손보,(무)더간단 펫블리 반려묘보험2605(2종),,반려동물의료비Ⅵ(실손)(갱신형),반려동물이 의료비 보장개시일 이후에 상해 또는 질병으로 인하여 국내에서 수의사에게 치료를 받은 경우,,,,,,,,비갱신형,,,,,장기보장성 비교 공시 (10).xls,,,,반려동물의료비Ⅵ(실손)(갱신형),반려동물이 의료비 보장개시일 이후에 상해 또는 질병으로 인하여 국내에서 수의사에게 치료를 받은 경우,,,,,,,,,,,,,,,,,,,,,,,
DB손보,(무)다이렉트 펫블리 반려묘보험2605(CM),(무)다이렉트 펫블리 반려묘보험2605(CM),반려동물 장례지원비(고양이)(갱신형),반려동물이 장례지원비보장개시일(계약일로부터 30일이 지난날의 다음날) 이후에 사망한 경우,보험가입금액(30만원),"34,727","34,727 원",108 원,107 원,,,비갱신형,,,,,장기보장성 비교 공시 (10).xls,,DB손보,(무)다이렉트 펫블리 반려묘보험2605(CM),반려동물 장례지원비(고양이)(갱신형),반려동물이 장례지원비보장개시일(계약일로부터 30일이 지난날의 다음날) 이후에 사망한 경우,보험가입금액(30만원),"34,727","34,707",108.1,107.5,,,,,,,,,,,,,,,,,,
DB손보,(무)다이렉트 펫블리 반려묘보험2605(CM),,"반려동물의료비Ⅴ(고양이)(MRI,CT,내시경 검사시 보장금액확대)(연간1회한)(실손)","피보험자가 보험기간 중 반려동물에게 상해 또는 질병이 발생하여 치료를 직접적인 목적으로 영상검사(MRI,CT,내시경)를 시행한 경우",보험가입금액(100만원),,,,,,,비갱신형,,,,,장기보장성 비교 공시 (10).xls,,,,"반려동물의료비Ⅴ(고양이)(MRI,CT,내시경 검사시 보장금액확대)(연간1회한)(실손)","피보험자가 보험기간 중 반려동물에게 상해 또는 질병이 발생하여 치료를 직접적인 목적으로 영상검사(MRI,CT,내시경)를 시행한 경우",보험가입금액(100만원),,,,,,,,,,,,,,,,,,,,,,
DB손보,(무)다이렉트 펫블리 반려묘보험2605(CM),,반려동물의료비Ⅴ(고양이)(실손),반려동물이 의료비 보장개시일 이후에 상해 또는 질병으로 인하여 국내에서 수의사에게 치료를 받은 경우,보험가입금액(1000만원),,,,,,,비갱신형,,,,,장기보장성 비교 공시 (10).xls,,,,반려동물의료비Ⅴ(고양이)(실손),반려동물이 의료비 보장개시일 이후에 상해 또는 질병으로 인하여 국내에서 수의사에게 치료를 받은 경우,보험가입금액(1000만원),,,,,,,,,,,,,,,,,,,,,,
DB손보,(무)다이렉트 펫블리 반려묘보험2605(CM),,반려동물의료비Ⅴ치과및구강질환확장보장(고양이)(실손),"치석제거 및 치아부정교합 등 치과치료비용, 구강내 질환을 원인으로 국내에서 수의사에게 치료를 받은 경우",,,,,,,,비갱신형,,,,,장기보장성 비교 공시 (10).xls,,,,반려동물의료비Ⅴ치과및구강질환확장보장(고양이)(실손),"치석제거 및 치아부정교합 등 치과치료비용, 구강내 질환을 원인으로 국내에서 수의사에게 치료를 받은 경우",,,,,,,,,,,,,,,,,,,,,,,
DB손보,(무)다이렉트 펫블리 반려묘보험2605(CM),,상해80%이상후유장해(최초1회한),피보험자가 보험기간 중 급격하고도 우연한 외래의 사고로 인해 신체에 상해를 입고 그 직접결과로써 80%이상 후유장해가 발생한 경우,보험가입금액(1천만원),,,,,,,비갱신형,,,,,장기보장성 비교 공시 (10).xls,,,,상해80%이상후유장해(최초1회한),피보험자가 보험기간 중 급격하고도 우연한 외래의 사고로 인해 신체에 상해를 입고 그 직접결과로써 80%이상 후유장해가 발생한 경우,보험가입금액(1천만원),,,,,,,,,,,,,,,,,,,,,,
DB손보,(무)펫블리 반려견 의료비보험2605(재가입용),(무)펫블리 반려견 의료비보험2605(재가입용),"반려동물의료비Ⅴ(MRI,CT,내시경 검사시 보장금액 확대)(실손)","반려동물이 의료비보장개시일 이후에 발생한 상해 또는 질병으로 인하여 국내에서 수의사가 치료를 목적으로 영상검사(MRI,CT,내시경)를 시행한 경우",보험가입금액(100만원),"42,530","42,530 원",100 원,100 원,,,비갱신형,,,,,장기보장성 비교 공시 (10).xls,,DB손보,(무)펫블리 반려견 의료비보험2605(재가입용),"반려동물의료비Ⅴ(MRI,CT,내시경 검사시 보장금액 확대)(실손)","반려동물이 의료비보장개시일 이후에 발생한 상해 또는 질병으로 인하여 국내에서 수의사가 치료를 목적으로 영상검사(MRI,CT,내시경)를 시행한 경우",보험가입금액(100만원),"42,530","42,530",100.7,100.7,,,,,,,,,,,,,,,,,,
DB손보,(무)펫블리 반려견 의료비보험2605(재가입용),,반려동물의료비Ⅴ(슬관절/고관절탈구포함(1년이후))(실손),반려동물이 의료비 보장개시일 이후에 상해 또는 질병으로 인하여 국내에서 수의사에게 치료를 받은 경우(슬관절/고관절 포함),보험가입금액(2000만원),,,,,,,비갱신형,,,,,장기보장성 비교 공시 (10).xls,,,,반려동물의료비Ⅴ(슬관절/고관절탈구포함(1년이후))(실손),반려동물이 의료비 보장개시일 이후에 상해 또는 질병으로 인하여 국내에서 수의사에게 치료를 받은 경우(슬관절/고관절 포함),보험가입금액(2000만원),,,,,,,,,,,,,,,,,,,,,,
DB손보,(무)펫블리 반려견 의료비보험2605(재가입용),,반려동물의료비Ⅴ(항암약물 치료시 보장금액 확대)(실손),반려동물이 보장개시일 이후에 암으로 인하여 국내에서 수의사가 치료 중 항암약물치료를 시행한 경우,보험가입금액(20만원),,,,,,,비갱신형,,,,,장기보장성 비교 공시 (10).xls,,,,반려동물의료비Ⅴ(항암약물 치료시 보장금액 확대)(실손),반려동물이 보장개시일 이후에 암으로 인하여 국내에서 수의사가 치료 중 항암약물치료를 시행한 경우,보험가입금액(20만원),,,,,,,,,,,,,,,,,,,,,,
DB손보,(무)펫블리 반려견 의료비보험2605(재가입용),,반려동물의료비Ⅴ치과및구강질환확장(실손),"치석제거 및 치아부정교합 등 치과치료비용, 구강내 질환을 원인으로 국내에서 수의사에게 치료를 받은 경우",보험가입금액(2000만원),,,,,,,비갱신형,,,,,장기보장성 비교 공시 (10).xls,,,,반려동물의료비Ⅴ치과및구강질환확장(실손),"치석제거 및 치아부정교합 등 치과치료비용, 구강내 질환을 원인으로 국내에서 수의사에게 치료를 받은 경우",보험가입금액(2000만원),,,,,,,,,,,,,,,,,,,,,,
DB손보,(무)펫블리 반려견 의료비보험2605(재가입용),,반려동물의료비Ⅴ특정피부약물치료확장(실손),특정피부약물치료를 원인으로 국내에서 수의사에게 치료를 받은 경우,,,,,,,,비갱신형,,,,,장기보장성 비교 공시 (10).xls,,,,반려동물의료비Ⅴ특정피부약물치료확장(실손),특정피부약물치료를 원인으로 국내에서 수의사에게 치료를 받은 경우,,,,,,,,,,,,,,,,,,,,,,,
DB손보,(무)다이렉트 펫블리 반려견 의료비보험2605(CM)(재가입용),(무)다이렉트 펫블리 반려견 의료비보험2605(CM)(재가입용),"반려동물의료비Ⅵ(MRI,CT,내시경 검사시 보장금액 확대)(실손)","반려동물이 의료비보장개시일 이후에 발생한 상해 또는 질병으로 인하여 국내에서 수의사가 치료를 목적으로 영상검사(MRI,CT,내시경)를 시행한 경우",보험가입금액(100만원),"35,727","35,727 원",97 원,96 원,,,비갱신형,,,,,장기보장성 비교 공시 (10).xls,,DB손보,(무)다이렉트 펫블리 반려견 의료비보험2605(CM)(재가입용),"반려동물의료비Ⅵ(MRI,CT,내시경 검사시 보장금액 확대)(실손)","반려동물이 의료비보장개시일 이후에 발생한 상해 또는 질병으로 인하여 국내에서 수의사가 치료를 목적으로 영상검사(MRI,CT,내시경)를 시행한 경우",보험가입금액(100만원),"35,727","35,727",97.5,96.9,,,,,,,,,,,,,,,,,,
DB손보,(무)다이렉트 펫블리 반려견 의료비보험2605(CM)(재가입용),,반려동물의료비Ⅵ(슬관절/고관절탈구포함(1년이후))(실손),반려동물이 의료비 보장개시일 이후에 상해 또는 질병으로 인하여 국내에서 수의사에게 치료를 받은 경우(슬관절/고관절 포함),보험가입금액(1000만원),,,,,,,비갱신형,,,,,장기보장성 비교 공시 (10).xls,,,,반려동물의료비Ⅵ(슬관절/고관절탈구포함(1년이후))(실손),반려동물이 의료비 보장개시일 이후에 상해 또는 질병으로 인하여 국내에서 수의사에게 치료를 받은 경우(슬관절/고관절 포함),보험가입금액(1000만원),,,,,,,,,,,,,,,,,,,,,,
DB손보,(무)다이렉트 펫블리 반려견 의료비보험2605(CM)(재가입용),,반려동물의료비Ⅵ(항암약물 치료시 보장금액 확대)(실손),반려동물이 보장개시일 이후에 암으로 인하여 국내에서 수의사가 치료 중 항암약물치료를 시행한 경우,보험가입금액(20만원),,,,,,,비갱신형,,,,,장기보장성 비교 공시 (10).xls,,,,반려동물의료비Ⅵ(항암약물 치료시 보장금액 확대)(실손),반려동물이 보장개시일 이후에 암으로 인하여 국내에서 수의사가 치료 중 항암약물치료를 시행한 경우,보험가입금액(20만원),,,,,,,,,,,,,,,,,,,,,,
DB손보,(무)다이렉트 펫블리 반려견 의료비보험2605(CM)(재가입용),,반려동물의료비Ⅵ치과및구강질환확장(실손),"치석제거 및 치아부정교합 등 치과치료비용, 구강내 질환을 원인으로 국내에서 수의사에게 치료를 받은 경우",보험가입금액(1000만원),,,,,,,비갱신형,,,,,장기보장성 비교 공시 (10).xls,,,,반려동물의료비Ⅵ치과및구강질환확장(실손),"치석제거 및 치아부정교합 등 치과치료비용, 구강내 질환을 원인으로 국내에서 수의사에게 치료를 받은 경우",보험가입금액(1000만원),,,,,,,,,,,,,,,,,,,,,,
DB손보,(무)다이렉트 펫블리 반려견 의료비보험2605(CM)(재가입용),,반려동물의료비Ⅵ특정피부약물치료확장(실손),특정피부약물치료를 원인으로 국내에서 수의사에게 치료를 받은 경우,,,,,,,,비갱신형,,,,,장기보장성 비교 공시 (10).xls,,,,반려동물의료비Ⅵ특정피부약물치료확장(실손),특정피부약물치료를 원인으로 국내에서 수의사에게 치료를 받은 경우,,,,,,,,,,,,,,,,,,,,,,,
DB손보,(무)펫블리 반려묘 의료비보험2605(재가입용),(무)펫블리 반려묘 의료비보험2605(재가입용),"반려동물의료비Ⅴ(고양이)(MRI,CT,내시경 검사시 보장금액확대)(연간1회한)(실손)(갱신형)","피보험자가 보험기간 중 반려동물에게 상해 또는 질병이 발생하여 치료를 직접적인 목적으로 영상검사(MRI,CT,내시경)를 시행한 경우",보험가입금액(100만원),"38,997","38,997 원",101 원,101 원,,,비갱신형,,,,,장기보장성 비교 공시 (10).xls,,DB손보,(무)펫블리 반려묘 의료비보험2605(재가입용),"반려동물의료비Ⅴ(고양이)(MRI,CT,내시경 검사시 보장금액확대)(연간1회한)(실손)(갱신형)","피보험자가 보험기간 중 반려동물에게 상해 또는 질병이 발생하여 치료를 직접적인 목적으로 영상검사(MRI,CT,내시경)를 시행한 경우",보험가입금액(100만원),"38,997","38,997",101.7,101.7,,,,,,,,,,,,,,,,,,
DB손보,(무)펫블리 반려묘 의료비보험2605(재가입용),,반려동물의료비Ⅴ(고양이)(실손)(갱신형),반려동물이 의료비 보장개시일 이후에 상해 또는 질병으로 인하여 국내에서 수의사에게 치료를 받은 경우,보험가입금액(2000만원),,,,,,,비갱신형,,,,,장기보장성 비교 공시 (10).xls,,,,반려동물의료비Ⅴ(고양이)(실손)(갱신형),반려동물이 의료비 보장개시일 이후에 상해 또는 질병으로 인하여 국내에서 수의사에게 치료를 받은 경우,보험가입금액(2000만원),,,,,,,,,,,,,,,,,,,,,,
DB손보,(무)펫블리 반려묘 의료비보험2605(재가입용),,반려동물의료비Ⅴ치과및구강질환 확장보장(고양이)(실손)(갱신형),"치석제거 및 치아부정교합 등 치과치료비용, 구강내 질환을 원인으로 국내에서 수의사에게 치료를 받은 경우",,,,,,,,비갱신형,,,,,장기보장성 비교 공시 (10).xls,,,,반려동물의료비Ⅴ치과및구강질환 확장보장(고양이)(실손)(갱신형),"치석제거 및 치아부정교합 등 치과치료비용, 구강내 질환을 원인으로 국내에서 수의사에게 치료를 받은 경우",,,,,,,,,,,,,,,,,,,,,,,
DB손보,(무)다이렉트 펫블리 반려묘 의료비보험2605(CM)(재가입용),(무)다이렉트 펫블리 반려묘 의료비보험2605(CM)(재가입용),"반려동물의료비Ⅵ(고양이)(MRI,CT,내시경 검사시 보장금액확대)(연간1회한)(실손)","피보험자가 보험기간 중 반려동물에게 상해 또는 질병이 발생하여 치료를 직접적인 목적으로 영상검사(MRI,CT,내시경)를 시행한 경우",보험가입금액(100만원),"32,522","32,522 원",99 원,99 원,,,비갱신형,,,,,장기보장성 비교 공시 (10).xls,,DB손보,(무)다이렉트 펫블리 반려묘 의료비보험2605(CM)(재가입용),"반려동물의료비Ⅵ(고양이)(MRI,CT,내시경 검사시 보장금액확대)(연간1회한)(실손)","피보험자가 보험기간 중 반려동물에게 상해 또는 질병이 발생하여 치료를 직접적인 목적으로 영상검사(MRI,CT,내시경)를 시행한 경우",보험가입금액(100만원),"32,522","32,522",99.9,99.3,,,,,,,,,,,,,,,,,,
DB손보,(무)다이렉트 펫블리 반려묘 의료비보험2605(CM)(재가입용),,반려동물의료비Ⅵ(고양이)(실손),반려동물이 의료비 보장개시일 이후에 상해 또는 질병으로 인하여 국내에서 수의사에게 치료를 받은 경우,보험가입금액(1000만원),,,,,,,비갱신형,,,,,장기보장성 비교 공시 (10).xls,,,,반려동물의료비Ⅵ(고양이)(실손),반려동물이 의료비 보장개시일 이후에 상해 또는 질병으로 인하여 국내에서 수의사에게 치료를 받은 경우,보험가입금액(1000만원),,,,,,,,,,,,,,,,,,,,,,
DB손보,(무)다이렉트 펫블리 반려묘 의료비보험2605(CM)(재가입용),,반려동물의료비Ⅵ치과및구강질환확장보장(고양이)(실손),"치석제거 및 치아부정교합 등 치과치료비용, 구강내 질환을 원인으로 국내에서 수의사에게 치료를 받은 경우",,,,,,,,비갱신형,,,,,장기보장성 비교 공시 (10).xls,,,,반려동물의료비Ⅵ치과및구강질환확장보장(고양이)(실손),"치석제거 및 치아부정교합 등 치과치료비용, 구강내 질환을 원인으로 국내에서 수의사에게 치료를 받은 경우",,,,,,,,,,,,,,,,,,,,,,,
카카오페이손해보험,(무)펫보험(강아지),(무)펫보험(강아지),반려견 무지개다리위로금(갱신형),보장개시일 이후 반려견이 사망한 경우,30만원,"35,786","35,786 원",83 원,84 원,,,비갱신형,,,,,장기보장성 비교 공시 (10).xls,,카카오페이손해보험,(무)펫보험(강아지),반려견 무지개다리위로금(갱신형),보장개시일 이후 반려견이 사망한 경우,30만원,"35,786","35,765",83.2,84.2,,,,,,,,,,,,,,,,,,
카카오페이손해보험,(무)펫보험(강아지),,반려견배상책임보장(갱신형),반려견의 행위에 기인하는 우연한 사고로 인하여 타인의 신체장해 및 타인 소유의 반려동물에 손해를 입혀 법률상의 배상책임을 부담하는 경우,1사고당 500만원 한도,,,,,,,비갱신형,,,,,장기보장성 비교 공시 (10).xls,,,,반려견배상책임보장(갱신형),반려견의 행위에 기인하는 우연한 사고로 인하여 타인의 신체장해 및 타인 소유의 반려동물에 손해를 입혀 법률상의 배상책임을 부담하는 경우,1사고당 500만원 한도,,,,,,,,,,,,,,,,,,,,,,
카카오페이손해보험,(무)펫보험(강아지),,"반려견의료비(수술,입원,통원)",보장개시일 이후 반려견에게 상해 또는 질병이 발생하여 그 치료를 직접적인 목적으로 수의사에게 치료를 받은 경우,연간 4천만원 한도,,,,,,,비갱신형,,,,,장기보장성 비교 공시 (10).xls,,,,"반려견의료비(수술,입원,통원)",보장개시일 이후 반려견에게 상해 또는 질병이 발생하여 그 치료를 직접적인 목적으로 수의사에게 치료를 받은 경우,연간 4천만원 한도,,,,,,,,,,,,,,,,,,,,,,
카카오페이손해보험,(무)펫보험(강아지),,반려견의료비(수술당일),보장개시일 이후 반려견에게 상해 또는 질병이 발생하여 그 치료를 직접적인 목적으로 수의사에게 수술을 받은 경우,연간 1천만원 한도,,,,,,,비갱신형,,,,,장기보장성 비교 공시 (10).xls,,,,반려견의료비(수술당일),보장개시일 이후 반려견에게 상해 또는 질병이 발생하여 그 치료를 직접적인 목적으로 수의사에게 수술을 받은 경우,연간 1천만원 한도,,,,,,,,,,,,,,,,,,,,,,
카카오페이손해보험,(무)펫보험(강아지),,"반려견의료비(수술당일,수술동반입원)",보장개시일 이후 반려견에게 상해 또는 질병이 발생하여 그 치료를 직접적인 목적으로 수의사에게 수술을 받은 경우 및 수술을 동반한 입원이 이루어진 경우,연간 1.5천만원 한도,,,,,,,비갱신형,,,,,장기보장성 비교 공시 (10).xls,,,,"반려견의료비(수술당일,수술동반입원)",보장개시일 이후 반려견에게 상해 또는 질병이 발생하여 그 치료를 직접적인 목적으로 수의사에게 수술을 받은 경우 및 수술을 동반한 입원이 이루어진 경우,연간 1.5천만원 한도,,,,,,,,,,,,,,,,,,,,,,
카카오페이손해보험,(무)펫보험(강아지),,응급실내원진료비(응급),응급환자로서 응급실에 내원하여 진료를 받은 경우,1만원,,,,,,,비갱신형,,,,,장기보장성 비교 공시 (10).xls,,,,응급실내원진료비(응급),응급환자로서 응급실에 내원하여 진료를 받은 경우,1만원,,,,,,,,,,,,,,,,,,,,,,
카카오페이손해보험,(무)펫보험(고양이),(무)펫보험(고양이),반려묘 무지개다리위로금(갱신형),보장개시일 이후 반려묘가 사망한 경우,30만원,"28,332","28,332 원",102 원,103 원,,,비갱신형,,,,,장기보장성 비교 공시 (10).xls,,카카오페이손해보험,(무)펫보험(고양이),반려묘 무지개다리위로금(갱신형),보장개시일 이후 반려묘가 사망한 경우,30만원,"28,332","28,301",102.2,103.4,,,,,,,,,,,,,,,,,,
카카오페이손해보험,(무)펫보험(고양이),,"반려묘의료비(수술,입원,통원)",보장개시일 이후 반려묘에게 상해 또는 질병이 발생하여 그 치료를 직접적인 목적으로 수의사에게 치료를 받은 경우,연간 4천만원 한도,,,,,,,비갱신형,,,,,장기보장성 비교 공시 (10).xls,,,,"반려묘의료비(수술,입원,통원)",보장개시일 이후 반려묘에게 상해 또는 질병이 발생하여 그 치료를 직접적인 목적으로 수의사에게 치료를 받은 경우,연간 4천만원 한도,,,,,,,,,,,,,,,,,,,,,,
카카오페이손해보험,(무)펫보험(고양이),,반려묘의료비(수술당일),보장개시일 이후 반려묘에게 상해 또는 질병이 발생하여 그 치료를 직접적인 목적으로 수의사에게 수술을 받은 경우,연간 1천만원 한도,,,,,,,비갱신형,,,,,장기보장성 비교 공시 (10).xls,,,,반려묘의료비(수술당일),보장개시일 이후 반려묘에게 상해 또는 질병이 발생하여 그 치료를 직접적인 목적으로 수의사에게 수술을 받은 경우,연간 1천만원 한도,,,,,,,,,,,,,,,,,,,,,,
카카오페이손해보험,(무)펫보험(고양이),,"반려묘의료비(수술당일,수술동반입원)",보장개시일 이후 반려묘에게 상해 또는 질병이 발생하여 그 치료를 직접적인 목적으로 수의사에게 수술을 받은 경우 및 수술을 동반한 입원이 이루어진 경우,연간 1.5천만원 한도,,,,,,,비갱신형,,,,,장기보장성 비교 공시 (10).xls,,,,"반려묘의료비(수술당일,수술동반입원)",보장개시일 이후 반려묘에게 상해 또는 질병이 발생하여 그 치료를 직접적인 목적으로 수의사에게 수술을 받은 경우 및 수술을 동반한 입원이 이루어진 경우,연간 1.5천만원 한도,,,,,,,,,,,,,,,,,,,,,,
카카오페이손해보험,(무)펫보험(고양이),,응급실내원진료비(응급),응급환자로서 응급실에 내원하여 진료를 받은 경우,1만원,,,,,,,비갱신형,,,,,장기보장성 비교 공시 (10).xls,,,,응급실내원진료비(응급),응급환자로서 응급실에 내원하여 진료를 받은 경우,1만원,,,,,,,,,,,,,,,,,,,,,,
농협손보,(무) NH펫앤미든든보험[1종:실속형/강아지]2601,(무) NH펫앤미든든보험[1종:실속형/강아지]2601,(갱신형)반려동물 배상책임(강아지),피보험자가 대한민국 내에서 보험기간 중 반려동물(강아지)의 행위에 기인하는 우연한 사고로 타인의 신체장해 및 타인 소유의 반려동물에 손해를 입혀 법률상의 배상책임을 부담함으로써 입은 손해를 1사고당 약관에 따라 보상,가입금액 한도,"36,864","36,864 원",104 원,103 원,,,비갱신형,,,,,장기보장성 비교 공시 (10).xls,,농협손보,(무) NH펫앤미든든보험[1종:실속형/강아지]2601,(갱신형)반려동물 배상책임(강아지),피보험자가 대한민국 내에서 보험기간 중 반려동물(강아지)의 행위에 기인하는 우연한 사고로 타인의 신체장해 및 타인 소유의 반려동물에 손해를 입혀 법률상의 배상책임을 부담함으로써 입은 손해를 1사고당 약관에 따라 보상,가입금액 한도,"36,864","36,861",104.7,103.6,,,,,,,,,,,,,,,,,,
농협손보,(무) NH펫앤미든든보험[1종:실속형/강아지]2601,,(갱신형)반려동물 사망(강아지),보장개시일 이후에 반려동물이 사망한 경우 가입금액 지급(최초계약 가입 후 2년 미만 시 가입금액의 50% 지급),,,,,,,,비갱신형,,,,,장기보장성 비교 공시 (10).xls,,,,(갱신형)반려동물 사망(강아지),보장개시일 이후에 반려동물이 사망한 경우 가입금액 지급(최초계약 가입 후 2년 미만 시 가입금액의 50% 지급),,,,,,,,,,,,,,,,,,,,,,,
농협손보,(무) NH펫앤미든든보험[1종:실속형/강아지]2601,,"반려동물 치료비Ⅲ 구강질환 확장보장(강아지,실속형)","보장개시일 이후에 반려동물에게 치석제거 및 치아부정교합 등 치과 치료비용, 구강내 질환을 원인으로 생긴 반려동물의 치료비를 약관에 따라 보험금 지급",,,,,,,,비갱신형,,,,,장기보장성 비교 공시 (10).xls,,,,"반려동물 치료비Ⅲ 구강질환 확장보장(강아지,실속형)","보장개시일 이후에 반려동물에게 치석제거 및 치아부정교합 등 치과 치료비용, 구강내 질환을 원인으로 생긴 반려동물의 치료비를 약관에 따라 보험금 지급",,,,,,,,,,,,,,,,,,,,,,,
농협손보,(무) NH펫앤미든든보험[1종:실속형/강아지]2601,,"반려동물 치료비Ⅲ 피부질환 확장보장(강아지,실속형)","보장개시일 이후에 반려동물에게 피부병(외이도염, 중이염, 피부알러지, 피부트러블을 포함)을 원인으로 생긴 반려동물의 치료비를 약관에 따라 보상",,,,,,,,비갱신형,,,,,장기보장성 비교 공시 (10).xls,,,,"반려동물 치료비Ⅲ 피부질환 확장보장(강아지,실속형)","보장개시일 이후에 반려동물에게 피부병(외이도염, 중이염, 피부알러지, 피부트러블을 포함)을 원인으로 생긴 반려동물의 치료비를 약관에 따라 보상",,,,,,,,,,,,,,,,,,,,,,,
농협손보,(무) NH펫앤미든든보험[1종:실속형/강아지]2601,,"반려동물 치료비Ⅲ(강아지,실속형)","보장개시일 이후에 상해 또는 질병이 발생하여 그 치료를 직접적인 목적으로 국내에서 수의사에게 치료를 받은 때에는 1일당 피보험자가 부담한 반려동물의 입원, 통원 또는 수술로 치료에 사용된 비용을 약관에 따라 반려동물 치료비 보험금 지급",,,,,,,,비갱신형,,,,,장기보장성 비교 공시 (10).xls,,,,"반려동물 치료비Ⅲ(강아지,실속형)","보장개시일 이후에 상해 또는 질병이 발생하여 그 치료를 직접적인 목적으로 국내에서 수의사에게 치료를 받은 때에는 1일당 피보험자가 부담한 반려동물의 입원, 통원 또는 수술로 치료에 사용된 비용을 약관에 따라 반려동물 치료비 보험금 지급",,,,,,,,,,,,,,,,,,,,,,,
농협손보,(무) NH펫앤미든든보험[1종:실속형/강아지]2601,,일반상해후유장해(80%이상),상해사고로 80%이상 후유장해가 발생한 경우(최초1회한),가입금액,,,,,,,비갱신형,,,,,장기보장성 비교 공시 (10).xls,,,,일반상해후유장해(80%이상),상해사고로 80%이상 후유장해가 발생한 경우(최초1회한),가입금액,,,,,,,,,,,,,,,,,,,,,,
농협손보,(무) NH펫앤미든든보험[2종:일반형/강아지]2601,(무) NH펫앤미든든보험[2종:일반형/강아지]2601,(갱신형)반려동물 배상책임(강아지),피보험자가 대한민국 내에서 보험기간 중 반려동물(강아지)의 행위에 기인하는 우연한 사고로 타인의 신체장해 및 타인 소유의 반려동물에 손해를 입혀 법률상의 배상책임을 부담함으로써 입은 손해를 1사고당 약관에 따라 보상,가입금액 한도,"36,904","36,904 원",104 원,103 원,,,비갱신형,,,,,장기보장성 비교 공시 (10).xls,,농협손보,(무) NH펫앤미든든보험[2종:일반형/강아지]2601,(갱신형)반려동물 배상책임(강아지),피보험자가 대한민국 내에서 보험기간 중 반려동물(강아지)의 행위에 기인하는 우연한 사고로 타인의 신체장해 및 타인 소유의 반려동물에 손해를 입혀 법률상의 배상책임을 부담함으로써 입은 손해를 1사고당 약관에 따라 보상,가입금액 한도,"36,904","36,901",104.7,103.6,,,,,,,,,,,,,,,,,,
농협손보,(무) NH펫앤미든든보험[2종:일반형/강아지]2601,,(갱신형)반려동물 사망(강아지),보장개시일 이후에 반려동물이 사망한 경우 가입금액 지급(최초계약 가입 후 2년 미만 시 가입금액의 50% 지급),,,,,,,,비갱신형,,,,,장기보장성 비교 공시 (10).xls,,,,(갱신형)반려동물 사망(강아지),보장개시일 이후에 반려동물이 사망한 경우 가입금액 지급(최초계약 가입 후 2년 미만 시 가입금액의 50% 지급),,,,,,,,,,,,,,,,,,,,,,,
농협손보,(무) NH펫앤미든든보험[2종:일반형/강아지]2601,,"반려동물 치료비Ⅲ 구강질환 확장보장(강아지,일반형)","보장개시일 이후에 반려동물에게 치석제거 및 치아부정교합 등 치과 치료비용, 구강내 질환을 원인으로 생긴 반려동물의 치료비를 약관에 따라 보험금 지급",,,,,,,,비갱신형,,,,,장기보장성 비교 공시 (10).xls,,,,"반려동물 치료비Ⅲ 구강질환 확장보장(강아지,일반형)","보장개시일 이후에 반려동물에게 치석제거 및 치아부정교합 등 치과 치료비용, 구강내 질환을 원인으로 생긴 반려동물의 치료비를 약관에 따라 보험금 지급",,,,,,,,,,,,,,,,,,,,,,,
농협손보,(무) NH펫앤미든든보험[2종:일반형/강아지]2601,,"반려동물 치료비Ⅲ 피부질환 확장보장(강아지,일반형)","보장개시일 이후에 반려동물에게 피부병(외이도염, 중이염, 피부알러지, 피부트러블을 포함)을 원인으로 생긴 반려동물의 치료비를 약관에 따라 보상",,,,,,,,비갱신형,,,,,장기보장성 비교 공시 (10).xls,,,,"반려동물 치료비Ⅲ 피부질환 확장보장(강아지,일반형)","보장개시일 이후에 반려동물에게 피부병(외이도염, 중이염, 피부알러지, 피부트러블을 포함)을 원인으로 생긴 반려동물의 치료비를 약관에 따라 보상",,,,,,,,,,,,,,,,,,,,,,,
농협손보,(무) NH펫앤미든든보험[2종:일반형/강아지]2601,,"반려동물 치료비Ⅲ(강아지,일반형)","보장개시일 이후에 상해 또는 질병이 발생하여 그 치료를 직접적인 목적으로 국내에서 수의사에게 치료를 받은 때에는 1일당 피보험자가 부담한 반려동물의 입원, 통원 또는 수술로 치료에 사용된 비용을 약관에 따라 반려동물 치료비 보험금 지급",,,,,,,,비갱신형,,,,,장기보장성 비교 공시 (10).xls,,,,"반려동물 치료비Ⅲ(강아지,일반형)","보장개시일 이후에 상해 또는 질병이 발생하여 그 치료를 직접적인 목적으로 국내에서 수의사에게 치료를 받은 때에는 1일당 피보험자가 부담한 반려동물의 입원, 통원 또는 수술로 치료에 사용된 비용을 약관에 따라 반려동물 치료비 보험금 지급",,,,,,,,,,,,,,,,,,,,,,,
농협손보,(무) NH펫앤미든든보험[2종:일반형/강아지]2601,,일반상해후유장해(80%이상),상해사고로 80%이상 후유장해가 발생한 경우(최초1회한),가입금액,,,,,,,비갱신형,,,,,장기보장성 비교 공시 (10).xls,,,,일반상해후유장해(80%이상),상해사고로 80%이상 후유장해가 발생한 경우(최초1회한),가입금액,,,,,,,,,,,,,,,,,,,,,,
농협손보,(무) NH펫앤미든든보험[3종:실속형/고양이]2601,(무) NH펫앤미든든보험[3종:실속형/고양이]2601,(갱신형)반려동물 사망(고양이),보장개시일 이후에 반려동물이 사망한 경우 가입금액 지급(최초계약 가입 후 2년 미만 시 가입금액의 50% 지급),가입금액 한도,"31,917","31,917 원",104 원,103 원,,,비갱신형,,,,,장기보장성 비교 공시 (10).xls,,농협손보,(무) NH펫앤미든든보험[3종:실속형/고양이]2601,(갱신형)반려동물 사망(고양이),보장개시일 이후에 반려동물이 사망한 경우 가입금액 지급(최초계약 가입 후 2년 미만 시 가입금액의 50% 지급),가입금액 한도,"31,917","31,914",104.6,103.6,,,,,,,,,,,,,,,,,,
농협손보,(무) NH펫앤미든든보험[3종:실속형/고양이]2601,,"반려동물 치료비Ⅲ 구강질환 확장보장(고양이,실속형)","보장개시일 이후에 반려동물에게 치석제거 및 치아부정교합 등 치과 치료비용, 구강내 질환을 원인으로 생긴 반려동물의 치료비를 약관에 따라 보상",,,,,,,,비갱신형,,,,,장기보장성 비교 공시 (10).xls,,,,"반려동물 치료비Ⅲ 구강질환 확장보장(고양이,실속형)","보장개시일 이후에 반려동물에게 치석제거 및 치아부정교합 등 치과 치료비용, 구강내 질환을 원인으로 생긴 반려동물의 치료비를 약관에 따라 보상",,,,,,,,,,,,,,,,,,,,,,,
농협손보,(무) NH펫앤미든든보험[3종:실속형/고양이]2601,,"반려동물 치료비Ⅲ 비뇨기질환 확장보장(고양이,실속형)",보장개시일 이후에 반려동물에게 비뇨기질환(요로결석 등)을 원인으로 하여 생긴 반려동물의 치료비를 약관에 따라 보상,,,,,,,,비갱신형,,,,,장기보장성 비교 공시 (10).xls,,,,"반려동물 치료비Ⅲ 비뇨기질환 확장보장(고양이,실속형)",보장개시일 이후에 반려동물에게 비뇨기질환(요로결석 등)을 원인으로 하여 생긴 반려동물의 치료비를 약관에 따라 보상,,,,,,,,,,,,,,,,,,,,,,,
농협손보,(무) NH펫앤미든든보험[3종:실속형/고양이]2601,,"반려동물 치료비Ⅲ(고양이,실속형)","보장개시일 이후에 상해 또는 질병이 발생하여 그 치료를 직접적인 목적으로 국내에서 수의사에게 치료를 받은 때에는 1일당 피보험자가 부담한 반려동물의 입원, 통원 또는 수술로 치료에 사용된 비용을 약관에 따라 반려동물 치료비 보험금 지급",,,,,,,,비갱신형,,,,,장기보장성 비교 공시 (10).xls,,,,"반려동물 치료비Ⅲ(고양이,실속형)","보장개시일 이후에 상해 또는 질병이 발생하여 그 치료를 직접적인 목적으로 국내에서 수의사에게 치료를 받은 때에는 1일당 피보험자가 부담한 반려동물의 입원, 통원 또는 수술로 치료에 사용된 비용을 약관에 따라 반려동물 치료비 보험금 지급",,,,,,,,,,,,,,,,,,,,,,,
농협손보,(무) NH펫앤미든든보험[3종:실속형/고양이]2601,,일반상해후유장해(80%이상),상해사고로 80%이상 후유장해가 발생한 경우(최초1회한),가입금액,,,,,,,비갱신형,,,,,장기보장성 비교 공시 (10).xls,,,,일반상해후유장해(80%이상),상해사고로 80%이상 후유장해가 발생한 경우(최초1회한),가입금액,,,,,,,,,,,,,,,,,,,,,,
농협손보,(무) NH펫앤미든든보험[4종:일반형/고양이]2601,(무) NH펫앤미든든보험[4종:일반형/고양이]2601,(갱신형)반려동물 사망(고양이),보장개시일 이후에 반려동물이 사망한 경우 가입금액 지급(최초계약 가입 후 2년 미만 시 가입금액의 50% 지급),가입금액 한도,"32,030","32,030 원",104 원,103 원,,,비갱신형,,,,,장기보장성 비교 공시 (10).xls,,농협손보,(무) NH펫앤미든든보험[4종:일반형/고양이]2601,(갱신형)반려동물 사망(고양이),보장개시일 이후에 반려동물이 사망한 경우 가입금액 지급(최초계약 가입 후 2년 미만 시 가입금액의 50% 지급),가입금액 한도,"32,030","32,027",104.6,103.6,,,,,,,,,,,,,,,,,,
농협손보,(무) NH펫앤미든든보험[4종:일반형/고양이]2601,,"반려동물 치료비Ⅲ 구강질환 확장보장(고양이,일반형)","보장개시일 이후에 반려동물에게 치석제거 및 치아부정교합 등 치과 치료비용, 구강내 질환을 원인으로 생긴 반려동물의 치료비를 약관에 따라 보상",,,,,,,,비갱신형,,,,,장기보장성 비교 공시 (10).xls,,,,"반려동물 치료비Ⅲ 구강질환 확장보장(고양이,일반형)","보장개시일 이후에 반려동물에게 치석제거 및 치아부정교합 등 치과 치료비용, 구강내 질환을 원인으로 생긴 반려동물의 치료비를 약관에 따라 보상",,,,,,,,,,,,,,,,,,,,,,,
농협손보,(무) NH펫앤미든든보험[4종:일반형/고양이]2601,,"반려동물 치료비Ⅲ 비뇨기질환 확장보장(고양이,일반형)",보장개시일 이후에 반려동물에게 비뇨기질환(요로결석 등)을 원인으로 하여 생긴 반려동물의 치료비를 약관에 따라 보상,,,,,,,,비갱신형,,,,,장기보장성 비교 공시 (10).xls,,,,"반려동물 치료비Ⅲ 비뇨기질환 확장보장(고양이,일반형)",보장개시일 이후에 반려동물에게 비뇨기질환(요로결석 등)을 원인으로 하여 생긴 반려동물의 치료비를 약관에 따라 보상,,,,,,,,,,,,,,,,,,,,,,,
농협손보,(무) NH펫앤미든든보험[4종:일반형/고양이]2601,,"반려동물 치료비Ⅲ(고양이, 일반형)","보장개시일 이후에 상해 또는 질병이 발생하여 그 치료를 직접적인 목적으로 국내에서 수의사에게 치료를 받은 때에는 1일당 피보험자가 부담한 반려동물의 입원, 통원 또는 수술로 치료에 사용된 비용을 약관에 따라 반려동물 치료비 보험금 지급",,,,,,,,비갱신형,,,,,장기보장성 비교 공시 (10).xls,,,,"반려동물 치료비Ⅲ(고양이, 일반형)","보장개시일 이후에 상해 또는 질병이 발생하여 그 치료를 직접적인 목적으로 국내에서 수의사에게 치료를 받은 때에는 1일당 피보험자가 부담한 반려동물의 입원, 통원 또는 수술로 치료에 사용된 비용을 약관에 따라 반려동물 치료비 보험금 지급",,,,,,,,,,,,,,,,,,,,,,,
농협손보,(무) NH펫앤미든든보험[4종:일반형/고양이]2601,,일반상해후유장해(80%이상),상해사고로 80%이상 후유장해가 발생한 경우(최초1회한),가입금액,,,,,,,비갱신형,,,,,장기보장성 비교 공시 (10).xls,,,,일반상해후유장해(80%이상),상해사고로 80%이상 후유장해가 발생한 경우(최초1회한),가입금액,,,,,,,,,,,,,,,,,,,,,,
농협손보,(무) NH다이렉트펫앤미든든보험[1종:강아지]2601,(무) NH다이렉트펫앤미든든보험[1종:강아지]2601,(갱신형)반려동물 배상책임(강아지),피보험자가 대한민국 내에서 보험기간 중 반려동물(강아지)의 행위에 기인하는 우연한 사고로 타인의 신체장해 및 타인 소유의 반려동물에 손해를 입혀 법률상의 배상책임을 부담함으로써 입은 손해를 1사고당 약관에 따라 보상,가입금액 한도,"33,801","33,801 원",96 원,95 원,,,비갱신형,,,,,장기보장성 비교 공시 (10).xls,,농협손보,(무) NH다이렉트펫앤미든든보험[1종:강아지]2601,(갱신형)반려동물 배상책임(강아지),피보험자가 대한민국 내에서 보험기간 중 반려동물(강아지)의 행위에 기인하는 우연한 사고로 타인의 신체장해 및 타인 소유의 반려동물에 손해를 입혀 법률상의 배상책임을 부담함으로써 입은 손해를 1사고당 약관에 따라 보상,가입금액 한도,"33,801","33,798",96.1,95.0,,,,,,,,,,,,,,,,,,
농협손보,(무) NH다이렉트펫앤미든든보험[1종:강아지]2601,,(갱신형)반려동물 사망(강아지),보장개시일 이후에 반려동물이 사망한 경우 가입금액 지급(최초계약 가입 후 2년 미만 시 가입금액의 50% 지급),,,,,,,,비갱신형,,,,,장기보장성 비교 공시 (10).xls,,,,(갱신형)반려동물 사망(강아지),보장개시일 이후에 반려동물이 사망한 경우 가입금액 지급(최초계약 가입 후 2년 미만 시 가입금액의 50% 지급),,,,,,,,,,,,,,,,,,,,,,,
농협손보,(무) NH다이렉트펫앤미든든보험[1종:강아지]2601,,반려동물 치료비Ⅲ 구강질환 확장보장(강아지),"보장개시일 이후에 반려동물에게 치석제거 및 치아부정교합 등 치과 치료비용, 구강내 질환을 원인으로 생긴 반려동물의 치료비를 약관에 따라 보험금 지급",,,,,,,,비갱신형,,,,,장기보장성 비교 공시 (10).xls,,,,반려동물 치료비Ⅲ 구강질환 확장보장(강아지),"보장개시일 이후에 반려동물에게 치석제거 및 치아부정교합 등 치과 치료비용, 구강내 질환을 원인으로 생긴 반려동물의 치료비를 약관에 따라 보험금 지급",,,,,,,,,,,,,,,,,,,,,,,
농협손보,(무) NH다이렉트펫앤미든든보험[1종:강아지]2601,,반려동물 치료비Ⅲ 피부질환 확장보장(강아지),"보장개시일 이후에 반려동물에게 피부병(외이도염, 중이염, 피부알러지, 피부트러블을 포함)을 원인으로 생긴 반려동물의 치료비를 약관에 따라 보상",,,,,,,,비갱신형,,,,,장기보장성 비교 공시 (10).xls,,,,반려동물 치료비Ⅲ 피부질환 확장보장(강아지),"보장개시일 이후에 반려동물에게 피부병(외이도염, 중이염, 피부알러지, 피부트러블을 포함)을 원인으로 생긴 반려동물의 치료비를 약관에 따라 보상",,,,,,,,,,,,,,,,,,,,,,,
농협손보,(무) NH다이렉트펫앤미든든보험[1종:강아지]2601,,반려동물 치료비Ⅲ(강아지),"보장개시일 이후에 상해 또는 질병이 발생하여 그 치료를 직접적인 목적으로 국내에서 수의사에게 치료를 받은 때에는 1일당 피보험자가 부담한 반려동물의 입원, 통원 또는 수술로 치료에 사용된 비용을 약관에 따라 반려동물 치료비 보험금 지급",,,,,,,,비갱신형,,,,,장기보장성 비교 공시 (10).xls,,,,반려동물 치료비Ⅲ(강아지),"보장개시일 이후에 상해 또는 질병이 발생하여 그 치료를 직접적인 목적으로 국내에서 수의사에게 치료를 받은 때에는 1일당 피보험자가 부담한 반려동물의 입원, 통원 또는 수술로 치료에 사용된 비용을 약관에 따라 반려동물 치료비 보험금 지급",,,,,,,,,,,,,,,,,,,,,,,
농협손보,(무) NH다이렉트펫앤미든든보험[1종:강아지]2601,,일반상해후유장해(80%이상),상해사고로 80%이상 후유장해가 발생한 경우(최초1회한),가입금액,,,,,,,비갱신형,,,,,장기보장성 비교 공시 (10).xls,,,,일반상해후유장해(80%이상),상해사고로 80%이상 후유장해가 발생한 경우(최초1회한),가입금액,,,,,,,,,,,,,,,,,,,,,,
농협손보,(무) NH다이렉트펫앤미든든보험[2종:고양이]2601,(무) NH다이렉트펫앤미든든보험[2종:고양이]2601,(갱신형)반려동물 사망(고양이),보장개시일 이후에 반려동물이 사망한 경우 가입금액 지급(최초계약 가입 후 2년 미만 시 가입금액의 50% 지급),가입금액 한도,"29,336","29,336 원",96 원,95 원,,,비갱신형,,,,,장기보장성 비교 공시 (10).xls,,농협손보,(무) NH다이렉트펫앤미든든보험[2종:고양이]2601,(갱신형)반려동물 사망(고양이),보장개시일 이후에 반려동물이 사망한 경우 가입금액 지급(최초계약 가입 후 2년 미만 시 가입금액의 50% 지급),가입금액 한도,"29,336","29,333",96.0,95.0,,,,,,,,,,,,,,,,,,
농협손보,(무) NH다이렉트펫앤미든든보험[2종:고양이]2601,,반려동물 치료비Ⅲ 구강질환 확장보장(고양이),"보장개시일 이후에 반려동물에게 치석제거 및 치아부정교합 등 치과 치료비용, 구강내 질환을 원인으로 생긴 반려동물의 치료비를 약관에 따라 보상",,,,,,,,비갱신형,,,,,장기보장성 비교 공시 (10).xls,,,,반려동물 치료비Ⅲ 구강질환 확장보장(고양이),"보장개시일 이후에 반려동물에게 치석제거 및 치아부정교합 등 치과 치료비용, 구강내 질환을 원인으로 생긴 반려동물의 치료비를 약관에 따라 보상",,,,,,,,,,,,,,,,,,,,,,,
농협손보,(무) NH다이렉트펫앤미든든보험[2종:고양이]2601,,반려동물 치료비Ⅲ 비뇨기질환 확장보장(고양이),보장개시일 이후에 반려동물에게 비뇨기질환(요로결석 등)을 원인으로 하여 생긴 반려동물의 치료비를 약관에 따라 보상,,,,,,,,비갱신형,,,,,장기보장성 비교 공시 (10).xls,,,,반려동물 치료비Ⅲ 비뇨기질환 확장보장(고양이),보장개시일 이후에 반려동물에게 비뇨기질환(요로결석 등)을 원인으로 하여 생긴 반려동물의 치료비를 약관에 따라 보상,,,,,,,,,,,,,,,,,,,,,,,
농협손보,(무) NH다이렉트펫앤미든든보험[2종:고양이]2601,,반려동물 치료비Ⅲ(고양이),"보장개시일 이후에 상해 또는 질병이 발생하여 그 치료를 직접적인 목적으로 국내에서 수의사에게 치료를 받은 때에는 1일당 피보험자가 부담한 반려동물의 입원, 통원 또는 수술로 치료에 사용된 비용을 약관에 따라 반려동물 치료비 보험금 지급",,,,,,,,비갱신형,,,,,장기보장성 비교 공시 (10).xls,,,,반려동물 치료비Ⅲ(고양이),"보장개시일 이후에 상해 또는 질병이 발생하여 그 치료를 직접적인 목적으로 국내에서 수의사에게 치료를 받은 때에는 1일당 피보험자가 부담한 반려동물의 입원, 통원 또는 수술로 치료에 사용된 비용을 약관에 따라 반려동물 치료비 보험금 지급",,,,,,,,,,,,,,,,,,,,,,,
농협손보,(무) NH다이렉트펫앤미든든보험[2종:고양이]2601,,일반상해후유장해(80%이상),상해사고로 80%이상 후유장해가 발생한 경우(최초1회한),가입금액,,,,,,,비갱신형,,,,,장기보장성 비교 공시 (10).xls,,,,일반상해후유장해(80%이상),상해사고로 80%이상 후유장해가 발생한 경우(최초1회한),가입금액,,,,,,,,,,,,,,,,,,,,,,
농협손보,(무) NH다이렉트펫앤미든든보험[1종:강아지]2604,(무) NH다이렉트펫앤미든든보험[1종:강아지]2604,(갱신형)반려동물 배상책임(강아지),피보험자가 대한민국 내에서 보험기간 중 반려동물(강아지)의 행위에 기인하는 우연한 사고로 타인의 신체장해 및 타인 소유의 반려동물에 손해를 입혀 법률상의 배상책임을 부담함으로써 입은 손해를 1사고당 약관에 따라 보상,가입금액 한도,"33,801","33,801 원",96 원,95 원,,,비갱신형,,,,,장기보장성 비교 공시 (10).xls,,농협손보,(무) NH다이렉트펫앤미든든보험[1종:강아지]2604,(갱신형)반려동물 배상책임(강아지),피보험자가 대한민국 내에서 보험기간 중 반려동물(강아지)의 행위에 기인하는 우연한 사고로 타인의 신체장해 및 타인 소유의 반려동물에 손해를 입혀 법률상의 배상책임을 부담함으로써 입은 손해를 1사고당 약관에 따라 보상,가입금액 한도,"33,801","33,798",96.1,95.0,,,,,,,,,,,,,,,,,,
농협손보,(무) NH다이렉트펫앤미든든보험[1종:강아지]2604,,(갱신형)반려동물 사망(강아지),보장개시일 이후에 반려동물이 사망한 경우 가입금액 지급(최초계약 가입 후 2년 미만 시 가입금액의 50% 지급),,,,,,,,비갱신형,,,,,장기보장성 비교 공시 (10).xls,,,,(갱신형)반려동물 사망(강아지),보장개시일 이후에 반려동물이 사망한 경우 가입금액 지급(최초계약 가입 후 2년 미만 시 가입금액의 50% 지급),,,,,,,,,,,,,,,,,,,,,,,
농협손보,(무) NH다이렉트펫앤미든든보험[1종:강아지]2604,,반려동물 치료비Ⅲ 구강질환 확장보장(강아지),"보장개시일 이후에 반려동물에게 치석제거 및 치아부정교합 등 치과 치료비용, 구강내 질환을 원인으로 생긴 반려동물의 치료비를 약관에 따라 보험금 지급",,,,,,,,비갱신형,,,,,장기보장성 비교 공시 (10).xls,,,,반려동물 치료비Ⅲ 구강질환 확장보장(강아지),"보장개시일 이후에 반려동물에게 치석제거 및 치아부정교합 등 치과 치료비용, 구강내 질환을 원인으로 생긴 반려동물의 치료비를 약관에 따라 보험금 지급",,,,,,,,,,,,,,,,,,,,,,,
농협손보,(무) NH다이렉트펫앤미든든보험[1종:강아지]2604,,반려동물 치료비Ⅲ 피부질환 확장보장(강아지),"보장개시일 이후에 반려동물에게 피부병(외이도염, 중이염, 피부알러지, 피부트러블을 포함)을 원인으로 생긴 반려동물의 치료비를 약관에 따라 보상",,,,,,,,비갱신형,,,,,장기보장성 비교 공시 (10).xls,,,,반려동물 치료비Ⅲ 피부질환 확장보장(강아지),"보장개시일 이후에 반려동물에게 피부병(외이도염, 중이염, 피부알러지, 피부트러블을 포함)을 원인으로 생긴 반려동물의 치료비를 약관에 따라 보상",,,,,,,,,,,,,,,,,,,,,,,
농협손보,(무) NH다이렉트펫앤미든든보험[1종:강아지]2604,,반려동물 치료비Ⅲ(강아지),"보장개시일 이후에 상해 또는 질병이 발생하여 그 치료를 직접적인 목적으로 국내에서 수의사에게 치료를 받은 때에는 1일당 피보험자가 부담한 반려동물의 입원, 통원 또는 수술로 치료에 사용된 비용을 약관에 따라 반려동물 치료비 보험금 지급",,,,,,,,비갱신형,,,,,장기보장성 비교 공시 (10).xls,,,,반려동물 치료비Ⅲ(강아지),"보장개시일 이후에 상해 또는 질병이 발생하여 그 치료를 직접적인 목적으로 국내에서 수의사에게 치료를 받은 때에는 1일당 피보험자가 부담한 반려동물의 입원, 통원 또는 수술로 치료에 사용된 비용을 약관에 따라 반려동물 치료비 보험금 지급",,,,,,,,,,,,,,,,,,,,,,,
농협손보,(무) NH다이렉트펫앤미든든보험[1종:강아지]2604,,일반상해후유장해(80%이상),상해사고로 80%이상 후유장해가 발생한 경우(최초1회한),가입금액,,,,,,,비갱신형,,,,,장기보장성 비교 공시 (10).xls,,,,일반상해후유장해(80%이상),상해사고로 80%이상 후유장해가 발생한 경우(최초1회한),가입금액,,,,,,,,,,,,,,,,,,,,,,
농협손보,(무) NH다이렉트펫앤미든든보험[2종:고양이]2604,(무) NH다이렉트펫앤미든든보험[2종:고양이]2604,(갱신형)반려동물 사망(고양이),보장개시일 이후에 반려동물이 사망한 경우 가입금액 지급(최초계약 가입 후 2년 미만 시 가입금액의 50% 지급),가입금액 한도,"29,336","29,336 원",96 원,95 원,,,비갱신형,,,,,장기보장성 비교 공시 (10).xls,,농협손보,(무) NH다이렉트펫앤미든든보험[2종:고양이]2604,(갱신형)반려동물 사망(고양이),보장개시일 이후에 반려동물이 사망한 경우 가입금액 지급(최초계약 가입 후 2년 미만 시 가입금액의 50% 지급),가입금액 한도,"29,336","29,333",96.0,95.0,,,,,,,,,,,,,,,,,,
농협손보,(무) NH다이렉트펫앤미든든보험[2종:고양이]2604,,반려동물 치료비Ⅲ 구강질환 확장보장(고양이),"보장개시일 이후에 반려동물에게 치석제거 및 치아부정교합 등 치과 치료비용, 구강내 질환을 원인으로 생긴 반려동물의 치료비를 약관에 따라 보상",,,,,,,,비갱신형,,,,,장기보장성 비교 공시 (10).xls,,,,반려동물 치료비Ⅲ 구강질환 확장보장(고양이),"보장개시일 이후에 반려동물에게 치석제거 및 치아부정교합 등 치과 치료비용, 구강내 질환을 원인으로 생긴 반려동물의 치료비를 약관에 따라 보상",,,,,,,,,,,,,,,,,,,,,,,
농협손보,(무) NH다이렉트펫앤미든든보험[2종:고양이]2604,,반려동물 치료비Ⅲ 비뇨기질환 확장보장(고양이),보장개시일 이후에 반려동물에게 비뇨기질환(요로결석 등)을 원인으로 하여 생긴 반려동물의 치료비를 약관에 따라 보상,,,,,,,,비갱신형,,,,,장기보장성 비교 공시 (10).xls,,,,반려동물 치료비Ⅲ 비뇨기질환 확장보장(고양이),보장개시일 이후에 반려동물에게 비뇨기질환(요로결석 등)을 원인으로 하여 생긴 반려동물의 치료비를 약관에 따라 보상,,,,,,,,,,,,,,,,,,,,,,,
농협손보,(무) NH다이렉트펫앤미든든보험[2종:고양이]2604,,반려동물 치료비Ⅲ(고양이),"보장개시일 이후에 상해 또는 질병이 발생하여 그 치료를 직접적인 목적으로 국내에서 수의사에게 치료를 받은 때에는 1일당 피보험자가 부담한 반려동물의 입원, 통원 또는 수술로 치료에 사용된 비용을 약관에 따라 반려동물 치료비 보험금 지급",,,,,,,,비갱신형,,,,,장기보장성 비교 공시 (10).xls,,,,반려동물 치료비Ⅲ(고양이),"보장개시일 이후에 상해 또는 질병이 발생하여 그 치료를 직접적인 목적으로 국내에서 수의사에게 치료를 받은 때에는 1일당 피보험자가 부담한 반려동물의 입원, 통원 또는 수술로 치료에 사용된 비용을 약관에 따라 반려동물 치료비 보험금 지급",,,,,,,,,,,,,,,,,,,,,,,
농협손보,(무) NH다이렉트펫앤미든든보험[2종:고양이]2604,,일반상해후유장해(80%이상),상해사고로 80%이상 후유장해가 발생한 경우(최초1회한),가입금액,,,,,,,비갱신형,,,,,장기보장성 비교 공시 (10).xls,,,,일반상해후유장해(80%이상),상해사고로 80%이상 후유장해가 발생한 경우(최초1회한),가입금액,,,,,,,,,,,,,,,,,,,,,,
농협손보,(무) NH다이렉트펫앤미든든보험[3종:재가입용]2604,(무) NH다이렉트펫앤미든든보험[3종:재가입용]2604,(갱신형)반려동물 사망(고양이),보장개시일 이후에 반려동물이 사망한 경우 가입금액 지급(최초계약 가입 후 2년 미만 시 가입금액의 50% 지급),가입금액 한도,"29,336","29,336 원",96 원,95 원,,,비갱신형,,,,,장기보장성 비교 공시 (10).xls,,농협손보,(무) NH다이렉트펫앤미든든보험[3종:재가입용]2604,(갱신형)반려동물 사망(고양이),보장개시일 이후에 반려동물이 사망한 경우 가입금액 지급(최초계약 가입 후 2년 미만 시 가입금액의 50% 지급),가입금액 한도,"29,336","29,333",96.0,95.0,,,,,,,,,,,,,,,,,,
농협손보,(무) NH다이렉트펫앤미든든보험[3종:재가입용]2604,,반려동물 치료비Ⅲ 구강질환 확장보장(고양이),"보장개시일 이후에 반려동물에게 치석제거 및 치아부정교합 등 치과 치료비용, 구강내 질환을 원인으로 생긴 반려동물의 치료비를 약관에 따라 보상",,,,,,,,비갱신형,,,,,장기보장성 비교 공시 (10).xls,,,,반려동물 치료비Ⅲ 구강질환 확장보장(고양이),"보장개시일 이후에 반려동물에게 치석제거 및 치아부정교합 등 치과 치료비용, 구강내 질환을 원인으로 생긴 반려동물의 치료비를 약관에 따라 보상",,,,,,,,,,,,,,,,,,,,,,,
농협손보,(무) NH다이렉트펫앤미든든보험[3종:재가입용]2604,,반려동물 치료비Ⅲ 비뇨기질환 확장보장(고양이),보장개시일 이후에 반려동물에게 비뇨기질환(요로결석 등)을 원인으로 하여 생긴 반려동물의 치료비를 약관에 따라 보상,,,,,,,,비갱신형,,,,,장기보장성 비교 공시 (10).xls,,,,반려동물 치료비Ⅲ 비뇨기질환 확장보장(고양이),보장개시일 이후에 반려동물에게 비뇨기질환(요로결석 등)을 원인으로 하여 생긴 반려동물의 치료비를 약관에 따라 보상,,,,,,,,,,,,,,,,,,,,,,,
농협손보,(무) NH다이렉트펫앤미든든보험[3종:재가입용]2604,,반려동물 치료비Ⅲ(고양이),"보장개시일 이후에 상해 또는 질병이 발생하여 그 치료를 직접적인 목적으로 국내에서 수의사에게 치료를 받은 때에는 1일당 피보험자가 부담한 반려동물의 입원, 통원 또는 수술로 치료에 사용된 비용을 약관에 따라 반려동물 치료비 보험금 지급",,,,,,,,비갱신형,,,,,장기보장성 비교 공시 (10).xls,,,,반려동물 치료비Ⅲ(고양이),"보장개시일 이후에 상해 또는 질병이 발생하여 그 치료를 직접적인 목적으로 국내에서 수의사에게 치료를 받은 때에는 1일당 피보험자가 부담한 반려동물의 입원, 통원 또는 수술로 치료에 사용된 비용을 약관에 따라 반려동물 치료비 보험금 지급",,,,,,,,,,,,,,,,,,,,,,,
농협손보,(무) NH다이렉트펫앤미든든보험[3종:재가입용]2604,,일반상해후유장해(80%이상),상해사고로 80%이상 후유장해가 발생한 경우(최초1회한),가입금액,,,,,,,비갱신형,,,,,장기보장성 비교 공시 (10).xls,,,,일반상해후유장해(80%이상),상해사고로 80%이상 후유장해가 발생한 경우(최초1회한),가입금액,,,,,,,,,,,,,,,,,,,,,,
농협손보,(무) NH펫앤미든든보험[1종:실속형/강아지]2604,(무) NH펫앤미든든보험[1종:실속형/강아지]2604,(갱신형)반려동물 배상책임(강아지),피보험자가 대한민국 내에서 보험기간 중 반려동물(강아지)의 행위에 기인하는 우연한 사고로 타인의 신체장해 및 타인 소유의 반려동물에 손해를 입혀 법률상의 배상책임을 부담함으로써 입은 손해를 1사고당 약관에 따라 보상,가입금액 한도,"36,864","36,864 원",104 원,103 원,,,비갱신형,,,,,장기보장성 비교 공시 (10).xls,,농협손보,(무) NH펫앤미든든보험[1종:실속형/강아지]2604,(갱신형)반려동물 배상책임(강아지),피보험자가 대한민국 내에서 보험기간 중 반려동물(강아지)의 행위에 기인하는 우연한 사고로 타인의 신체장해 및 타인 소유의 반려동물에 손해를 입혀 법률상의 배상책임을 부담함으로써 입은 손해를 1사고당 약관에 따라 보상,가입금액 한도,"36,864","36,861",104.7,103.6,,,,,,,,,,,,,,,,,,
농협손보,(무) NH펫앤미든든보험[1종:실속형/강아지]2604,,(갱신형)반려동물 사망(강아지),보장개시일 이후에 반려동물이 사망한 경우 가입금액 지급(최초계약 가입 후 2년 미만 시 가입금액의 50% 지급),,,,,,,,비갱신형,,,,,장기보장성 비교 공시 (10).xls,,,,(갱신형)반려동물 사망(강아지),보장개시일 이후에 반려동물이 사망한 경우 가입금액 지급(최초계약 가입 후 2년 미만 시 가입금액의 50% 지급),,,,,,,,,,,,,,,,,,,,,,,
농협손보,(무) NH펫앤미든든보험[1종:실속형/강아지]2604,,"반려동물 치료비Ⅲ 구강질환 확장보장(강아지,실속형)","보장개시일 이후에 반려동물에게 치석제거 및 치아부정교합 등 치과 치료비용, 구강내 질환을 원인으로 생긴 반려동물의 치료비를 약관에 따라 보험금 지급",,,,,,,,비갱신형,,,,,장기보장성 비교 공시 (10).xls,,,,"반려동물 치료비Ⅲ 구강질환 확장보장(강아지,실속형)","보장개시일 이후에 반려동물에게 치석제거 및 치아부정교합 등 치과 치료비용, 구강내 질환을 원인으로 생긴 반려동물의 치료비를 약관에 따라 보험금 지급",,,,,,,,,,,,,,,,,,,,,,,
농협손보,(무) NH펫앤미든든보험[1종:실속형/강아지]2604,,"반려동물 치료비Ⅲ 피부질환 확장보장(강아지,실속형)","보장개시일 이후에 반려동물에게 피부병(외이도염, 중이염, 피부알러지, 피부트러블을 포함)을 원인으로 생긴 반려동물의 치료비를 약관에 따라 보상",,,,,,,,비갱신형,,,,,장기보장성 비교 공시 (10).xls,,,,"반려동물 치료비Ⅲ 피부질환 확장보장(강아지,실속형)","보장개시일 이후에 반려동물에게 피부병(외이도염, 중이염, 피부알러지, 피부트러블을 포함)을 원인으로 생긴 반려동물의 치료비를 약관에 따라 보상",,,,,,,,,,,,,,,,,,,,,,,
농협손보,(무) NH펫앤미든든보험[1종:실속형/강아지]2604,,"반려동물 치료비Ⅲ(강아지,실속형)","보장개시일 이후에 상해 또는 질병이 발생하여 그 치료를 직접적인 목적으로 국내에서 수의사에게 치료를 받은 때에는 1일당 피보험자가 부담한 반려동물의 입원, 통원 또는 수술로 치료에 사용된 비용을 약관에 따라 반려동물 치료비 보험금 지급",,,,,,,,비갱신형,,,,,장기보장성 비교 공시 (10).xls,,,,"반려동물 치료비Ⅲ(강아지,실속형)","보장개시일 이후에 상해 또는 질병이 발생하여 그 치료를 직접적인 목적으로 국내에서 수의사에게 치료를 받은 때에는 1일당 피보험자가 부담한 반려동물의 입원, 통원 또는 수술로 치료에 사용된 비용을 약관에 따라 반려동물 치료비 보험금 지급",,,,,,,,,,,,,,,,,,,,,,,
농협손보,(무) NH펫앤미든든보험[1종:실속형/강아지]2604,,일반상해후유장해(80%이상),상해사고로 80%이상 후유장해가 발생한 경우(최초1회한),가입금액,,,,,,,비갱신형,,,,,장기보장성 비교 공시 (10).xls,,,,일반상해후유장해(80%이상),상해사고로 80%이상 후유장해가 발생한 경우(최초1회한),가입금액,,,,,,,,,,,,,,,,,,,,,,
농협손보,(무) NH펫앤미든든보험[2종:일반형/강아지]2604,(무) NH펫앤미든든보험[2종:일반형/강아지]2604,(갱신형)반려동물 배상책임(강아지),피보험자가 대한민국 내에서 보험기간 중 반려동물(강아지)의 행위에 기인하는 우연한 사고로 타인의 신체장해 및 타인 소유의 반려동물에 손해를 입혀 법률상의 배상책임을 부담함으로써 입은 손해를 1사고당 약관에 따라 보상,가입금액 한도,"36,904","36,904 원",104 원,103 원,,,비갱신형,,,,,장기보장성 비교 공시 (10).xls,,농협손보,(무) NH펫앤미든든보험[2종:일반형/강아지]2604,(갱신형)반려동물 배상책임(강아지),피보험자가 대한민국 내에서 보험기간 중 반려동물(강아지)의 행위에 기인하는 우연한 사고로 타인의 신체장해 및 타인 소유의 반려동물에 손해를 입혀 법률상의 배상책임을 부담함으로써 입은 손해를 1사고당 약관에 따라 보상,가입금액 한도,"36,904","36,901",104.7,103.6,,,,,,,,,,,,,,,,,,
농협손보,(무) NH펫앤미든든보험[2종:일반형/강아지]2604,,(갱신형)반려동물 사망(강아지),보장개시일 이후에 반려동물이 사망한 경우 가입금액 지급(최초계약 가입 후 2년 미만 시 가입금액의 50% 지급),,,,,,,,비갱신형,,,,,장기보장성 비교 공시 (10).xls,,,,(갱신형)반려동물 사망(강아지),보장개시일 이후에 반려동물이 사망한 경우 가입금액 지급(최초계약 가입 후 2년 미만 시 가입금액의 50% 지급),,,,,,,,,,,,,,,,,,,,,,,
농협손보,(무) NH펫앤미든든보험[2종:일반형/강아지]2604,,"반려동물 치료비Ⅲ 구강질환 확장보장(강아지,일반형)","보장개시일 이후에 반려동물에게 치석제거 및 치아부정교합 등 치과 치료비용, 구강내 질환을 원인으로 생긴 반려동물의 치료비를 약관에 따라 보험금 지급",,,,,,,,비갱신형,,,,,장기보장성 비교 공시 (10).xls,,,,"반려동물 치료비Ⅲ 구강질환 확장보장(강아지,일반형)","보장개시일 이후에 반려동물에게 치석제거 및 치아부정교합 등 치과 치료비용, 구강내 질환을 원인으로 생긴 반려동물의 치료비를 약관에 따라 보험금 지급",,,,,,,,,,,,,,,,,,,,,,,
농협손보,(무) NH펫앤미든든보험[2종:일반형/강아지]2604,,"반려동물 치료비Ⅲ 피부질환 확장보장(강아지,일반형)","보장개시일 이후에 반려동물에게 피부병(외이도염, 중이염, 피부알러지, 피부트러블을 포함)을 원인으로 생긴 반려동물의 치료비를 약관에 따라 보상",,,,,,,,비갱신형,,,,,장기보장성 비교 공시 (10).xls,,,,"반려동물 치료비Ⅲ 피부질환 확장보장(강아지,일반형)","보장개시일 이후에 반려동물에게 피부병(외이도염, 중이염, 피부알러지, 피부트러블을 포함)을 원인으로 생긴 반려동물의 치료비를 약관에 따라 보상",,,,,,,,,,,,,,,,,,,,,,,
농협손보,(무) NH펫앤미든든보험[2종:일반형/강아지]2604,,"반려동물 치료비Ⅲ(강아지,일반형)","보장개시일 이후에 상해 또는 질병이 발생하여 그 치료를 직접적인 목적으로 국내에서 수의사에게 치료를 받은 때에는 1일당 피보험자가 부담한 반려동물의 입원, 통원 또는 수술로 치료에 사용된 비용을 약관에 따라 반려동물 치료비 보험금 지급",,,,,,,,비갱신형,,,,,장기보장성 비교 공시 (10).xls,,,,"반려동물 치료비Ⅲ(강아지,일반형)","보장개시일 이후에 상해 또는 질병이 발생하여 그 치료를 직접적인 목적으로 국내에서 수의사에게 치료를 받은 때에는 1일당 피보험자가 부담한 반려동물의 입원, 통원 또는 수술로 치료에 사용된 비용을 약관에 따라 반려동물 치료비 보험금 지급",,,,,,,,,,,,,,,,,,,,,,,
농협손보,(무) NH펫앤미든든보험[2종:일반형/강아지]2604,,일반상해후유장해(80%이상),상해사고로 80%이상 후유장해가 발생한 경우(최초1회한),가입금액,,,,,,,비갱신형,,,,,장기보장성 비교 공시 (10).xls,,,,일반상해후유장해(80%이상),상해사고로 80%이상 후유장해가 발생한 경우(최초1회한),가입금액,,,,,,,,,,,,,,,,,,,,,,
농협손보,(무) NH펫앤미든든보험[3종:실속형/고양이]2604,(무) NH펫앤미든든보험[3종:실속형/고양이]2604,(갱신형)반려동물 사망(고양이),보장개시일 이후에 반려동물이 사망한 경우 가입금액 지급(최초계약 가입 후 2년 미만 시 가입금액의 50% 지급),가입금액 한도,"31,917","31,917 원",104 원,103 원,,,비갱신형,,,,,장기보장성 비교 공시 (10).xls,,농협손보,(무) NH펫앤미든든보험[3종:실속형/고양이]2604,(갱신형)반려동물 사망(고양이),보장개시일 이후에 반려동물이 사망한 경우 가입금액 지급(최초계약 가입 후 2년 미만 시 가입금액의 50% 지급),가입금액 한도,"31,917","31,914",104.6,103.6,,,,,,,,,,,,,,,,,,
농협손보,(무) NH펫앤미든든보험[3종:실속형/고양이]2604,,"반려동물 치료비Ⅲ 구강질환 확장보장(고양이,실속형)","보장개시일 이후에 반려동물에게 치석제거 및 치아부정교합 등 치과 치료비용, 구강내 질환을 원인으로 생긴 반려동물의 치료비를 약관에 따라 보상",,,,,,,,비갱신형,,,,,장기보장성 비교 공시 (10).xls,,,,"반려동물 치료비Ⅲ 구강질환 확장보장(고양이,실속형)","보장개시일 이후에 반려동물에게 치석제거 및 치아부정교합 등 치과 치료비용, 구강내 질환을 원인으로 생긴 반려동물의 치료비를 약관에 따라 보상",,,,,,,,,,,,,,,,,,,,,,,
농협손보,(무) NH펫앤미든든보험[3종:실속형/고양이]2604,,"반려동물 치료비Ⅲ 비뇨기질환 확장보장(고양이,실속형)",보장개시일 이후에 반려동물에게 비뇨기질환(요로결석 등)을 원인으로 하여 생긴 반려동물의 치료비를 약관에 따라 보상,,,,,,,,비갱신형,,,,,장기보장성 비교 공시 (10).xls,,,,"반려동물 치료비Ⅲ 비뇨기질환 확장보장(고양이,실속형)",보장개시일 이후에 반려동물에게 비뇨기질환(요로결석 등)을 원인으로 하여 생긴 반려동물의 치료비를 약관에 따라 보상,,,,,,,,,,,,,,,,,,,,,,,
농협손보,(무) NH펫앤미든든보험[3종:실속형/고양이]2604,,"반려동물 치료비Ⅲ(고양이,실속형)","보장개시일 이후에 상해 또는 질병이 발생하여 그 치료를 직접적인 목적으로 국내에서 수의사에게 치료를 받은 때에는 1일당 피보험자가 부담한 반려동물의 입원, 통원 또는 수술로 치료에 사용된 비용을 약관에 따라 반려동물 치료비 보험금 지급",,,,,,,,비갱신형,,,,,장기보장성 비교 공시 (10).xls,,,,"반려동물 치료비Ⅲ(고양이,실속형)","보장개시일 이후에 상해 또는 질병이 발생하여 그 치료를 직접적인 목적으로 국내에서 수의사에게 치료를 받은 때에는 1일당 피보험자가 부담한 반려동물의 입원, 통원 또는 수술로 치료에 사용된 비용을 약관에 따라 반려동물 치료비 보험금 지급",,,,,,,,,,,,,,,,,,,,,,,
농협손보,(무) NH펫앤미든든보험[3종:실속형/고양이]2604,,일반상해후유장해(80%이상),상해사고로 80%이상 후유장해가 발생한 경우(최초1회한),가입금액,,,,,,,비갱신형,,,,,장기보장성 비교 공시 (10).xls,,,,일반상해후유장해(80%이상),상해사고로 80%이상 후유장해가 발생한 경우(최초1회한),가입금액,,,,,,,,,,,,,,,,,,,,,,
농협손보,(무) NH펫앤미든든보험[4종:일반형/고양이]2604,(무) NH펫앤미든든보험[4종:일반형/고양이]2604,(갱신형)반려동물 사망(고양이),보장개시일 이후에 반려동물이 사망한 경우 가입금액 지급(최초계약 가입 후 2년 미만 시 가입금액의 50% 지급),가입금액 한도,"32,030","32,030 원",104 원,103 원,,,비갱신형,,,,,장기보장성 비교 공시 (10).xls,,농협손보,(무) NH펫앤미든든보험[4종:일반형/고양이]2604,(갱신형)반려동물 사망(고양이),보장개시일 이후에 반려동물이 사망한 경우 가입금액 지급(최초계약 가입 후 2년 미만 시 가입금액의 50% 지급),가입금액 한도,"32,030","32,027",104.6,103.6,,,,,,,,,,,,,,,,,,
농협손보,(무) NH펫앤미든든보험[4종:일반형/고양이]2604,,"반려동물 치료비Ⅲ 구강질환 확장보장(고양이,일반형)","보장개시일 이후에 반려동물에게 치석제거 및 치아부정교합 등 치과 치료비용, 구강내 질환을 원인으로 생긴 반려동물의 치료비를 약관에 따라 보상",,,,,,,,비갱신형,,,,,장기보장성 비교 공시 (10).xls,,,,"반려동물 치료비Ⅲ 구강질환 확장보장(고양이,일반형)","보장개시일 이후에 반려동물에게 치석제거 및 치아부정교합 등 치과 치료비용, 구강내 질환을 원인으로 생긴 반려동물의 치료비를 약관에 따라 보상",,,,,,,,,,,,,,,,,,,,,,,
농협손보,(무) NH펫앤미든든보험[4종:일반형/고양이]2604,,"반려동물 치료비Ⅲ 비뇨기질환 확장보장(고양이,일반형)",보장개시일 이후에 반려동물에게 비뇨기질환(요로결석 등)을 원인으로 하여 생긴 반려동물의 치료비를 약관에 따라 보상,,,,,,,,비갱신형,,,,,장기보장성 비교 공시 (10).xls,,,,"반려동물 치료비Ⅲ 비뇨기질환 확장보장(고양이,일반형)",보장개시일 이후에 반려동물에게 비뇨기질환(요로결석 등)을 원인으로 하여 생긴 반려동물의 치료비를 약관에 따라 보상,,,,,,,,,,,,,,,,,,,,,,,
농협손보,(무) NH펫앤미든든보험[4종:일반형/고양이]2604,,"반려동물 치료비Ⅲ(고양이, 일반형)","보장개시일 이후에 상해 또는 질병이 발생하여 그 치료를 직접적인 목적으로 국내에서 수의사에게 치료를 받은 때에는 1일당 피보험자가 부담한 반려동물의 입원, 통원 또는 수술로 치료에 사용된 비용을 약관에 따라 반려동물 치료비 보험금 지급",,,,,,,,비갱신형,,,,,장기보장성 비교 공시 (10).xls,,,,"반려동물 치료비Ⅲ(고양이, 일반형)","보장개시일 이후에 상해 또는 질병이 발생하여 그 치료를 직접적인 목적으로 국내에서 수의사에게 치료를 받은 때에는 1일당 피보험자가 부담한 반려동물의 입원, 통원 또는 수술로 치료에 사용된 비용을 약관에 따라 반려동물 치료비 보험금 지급",,,,,,,,,,,,,,,,,,,,,,,
농협손보,(무) NH펫앤미든든보험[4종:일반형/고양이]2604,,일반상해후유장해(80%이상),상해사고로 80%이상 후유장해가 발생한 경우(최초1회한),가입금액,,,,,,,비갱신형,,,,,장기보장성 비교 공시 (10).xls,,,,일반상해후유장해(80%이상),상해사고로 80%이상 후유장해가 발생한 경우(최초1회한),가입금액,,,,,,,,,,,,,,,,,,,,,,
삼성화재,무배당 삼성화재 펫보험 위풍댕댕(2601.9),무배당 삼성화재 펫보험 위풍댕댕(2601.9),[갱신형] 반려견 배상책임,보험증권에 기재된 피보험자의 반려견의 행위에 기인하는 우연한 사고로 타인의 신체의 피해(대인) 또는 타인의 반려동물의 손해(대물)에 대한 법률상배상책임을 부담함으로써 입은 손해 발생시 가입금액을 한도로 보상※ 1사고당 자기부담금 : 10만원,가입금액 한도,"28,096","28,096 원",116 원,116 원,,,비갱신형,,,,,장기보장성 비교 공시 (7).xls,,삼성화재,무배당 삼성화재 펫보험 위풍댕댕(2601.9),[갱신형] 반려견 배상책임,보험증권에 기재된 피보험자의 반려견의 행위에 기인하는 우연한 사고로 타인의 신체의 피해(대인) 또는 타인의 반려동물의 손해(대물)에 대한 법률상배상책임을 부담함으로써 입은 손해 발생시 가입금액을 한도로 보상※ 1사고당 자기부담금 : 10만원,가입금액 한도,"28,096","27,856",116.8,116.2,,,,,,,,,,,,,,,,,,
삼성화재,무배당 삼성화재 펫보험 위풍댕댕(2601.9),,[갱신형] 반려견 사망위로금,보장개시일 이후 보험증권에 기재된 반려견이 사망한 경우 가입금액 지급※ 보장개시일은 최초 계약일 또는 부활(효력회복)일부터 30일이 지난날의다음날임,가입금액,,,,,,,비갱신형,,,,,장기보장성 비교 공시 (7).xls,,,,[갱신형] 반려견 사망위로금,보장개시일 이후 보험증권에 기재된 반려견이 사망한 경우 가입금액 지급※ 보장개시일은 최초 계약일 또는 부활(효력회복)일부터 30일이 지난날의다음날임,가입금액,,,,,,,,,,,,,,,,,,,,,,
삼성화재,무배당 삼성화재 펫보험 위풍댕댕(2601.9),,반려견 의료비(치과및구강질환포함)(수술당일)(70%보상형)(재가입형),"보장개시일 이후 보험증권에 기재된 반려견에게 상해 또는 질병이 발생하여 그 치료를 직접적인 목적으로 국내에서 수의사에게 수술을 받은 경우 피보험자가 부담한 수술 당일 반려견의 치료에 사용된 비용을 보험가입금액을 한도로 보상(연간 2회한)※ 질병으로 인한 반려견 의료비(수술당일)의 보장개시일은 최초 계약일 또는 부활(효력회복)일부터 30일(단, 암, 백내장, 녹내장, 심장질환, 신장질환, 방광질환 및 각종 결석의 경우 90일)이 지난날의 다음날이며, 상해로 인한 반려견 의료비(수술당일)의 보장개시일은 계약일임※ 계약일부터 1년 이내에 발생한 슬관절탈구, 고관절탈구, 슬관절형성부전, 고관절형성부전 또는 기타 이들과 유사한 사고에 대해서는 보험금을 지급하지 않음※ 「연간」이란 계약일부터 매1년 단위로 도래하는 계약해당일 전일까지의 기간을 의미함※ 1사고당 가입시 선택한 자기부담금",가입금액 한도,,,,,,,비갱신형,,,,,장기보장성 비교 공시 (7).xls,,,,반려견 의료비(치과및구강질환포함)(수술당일)(70%보상형)(재가입형),"보장개시일 이후 보험증권에 기재된 반려견에게 상해 또는 질병이 발생하여 그 치료를 직접적인 목적으로 국내에서 수의사에게 수술을 받은 경우 피보험자가 부담한 수술 당일 반려견의 치료에 사용된 비용을 보험가입금액을 한도로 보상(연간 2회한)※ 질병으로 인한 반려견 의료비(수술당일)의 보장개시일은 최초 계약일 또는 부활(효력회복)일부터 30일(단, 암, 백내장, 녹내장, 심장질환, 신장질환, 방광질환 및 각종 결석의 경우 90일)이 지난날의 다음날이며, 상해로 인한 반려견 의료비(수술당일)의 보장개시일은 계약일임※ 계약일부터 1년 이내에 발생한 슬관절탈구, 고관절탈구, 슬관절형성부전, 고관절형성부전 또는 기타 이들과 유사한 사고에 대해서는 보험금을 지급하지 않음※ 「연간」이란 계약일부터 매1년 단위로 도래하는 계약해당일 전일까지의 기간을 의미함※ 1사고당 가입시 선택한 자기부담금",가입금액 한도,,,,,,,,,,,,,,,,,,,,,,
삼성화재,무배당 삼성화재 펫보험 위풍댕댕(2601.9),,"반려견 의료비(치과및구강질환포함)(수술당일제외, 검사비포함)(70%보상형)(재가입형)","보장개시일 이후 보험증권에 기재된 반려견에게 상해 또는 질병이 발생하여 그 치료를 직접적인 목적으로 국내에서 수의사에게 치료를 받은 때에는 수술을 받지 않은 날에 한하여 1일당 피보험자가 부담한 반려견의 치료에 사용된 비용(검사비 포함)을 보험가입금액을 한도로 보상(연간 반려견 의료비보험금(수술당일제외, 검사비포함)의 총합계는 연간 총 보상한도액 한도로 보상)※ 1일당 한도/연간 총한도 : 10만/1000만※ 질병으로 인한 반려견 의료비(수술당일제외, 검사비포함)의 보장개시일은 최초 계약일 또는 부활(효력회복)일부터 30일(단, 암, 백내장, 녹내장, 심장질환, 신장질환, 방광질환 및 각종 결석의 경우 90일)이 지난날의 다음날이며, 상해로 인한 반려견 의료비(수술당일제외, 검사비포함)의 보장개시일은 계약일임※ 계약일부터 1년 이내에 발생한 슬관절탈구, 고관절탈구, 슬관절형성부전, 고관절형성부전 또는 기타 이들과 유사한 사고에 대해서는 보험금을 지급하지 않음※ 「연간」이란 계약일부터 매1년 단위로 도래하는 계약해당일 전일까지의 기간을 의미함※ 「검사비」란 기본검사(신체검사, 정형검사, 신경계검사, 안검사, 피부과검사 등), 영상검사(X-ray, 초음파검사, CT, MRI, 내시경검사 등), 실험실검사(혈액검사, 임상병리검사, 조직병리검사, 배양검사 등)에 사용된 비용을 의미함※ 1사고당 가입시 선택한 자기부담금",,,,,,,,비갱신형,,,,,장기보장성 비교 공시 (7).xls,,,,"반려견 의료비(치과및구강질환포함)(수술당일제외, 검사비포함)(70%보상형)(재가입형)","보장개시일 이후 보험증권에 기재된 반려견에게 상해 또는 질병이 발생하여 그 치료를 직접적인 목적으로 국내에서 수의사에게 치료를 받은 때에는 수술을 받지 않은 날에 한하여 1일당 피보험자가 부담한 반려견의 치료에 사용된 비용(검사비 포함)을 보험가입금액을 한도로 보상(연간 반려견 의료비보험금(수술당일제외, 검사비포함)의 총합계는 연간 총 보상한도액 한도로 보상)※ 1일당 한도/연간 총한도 : 10만/1000만※ 질병으로 인한 반려견 의료비(수술당일제외, 검사비포함)의 보장개시일은 최초 계약일 또는 부활(효력회복)일부터 30일(단, 암, 백내장, 녹내장, 심장질환, 신장질환, 방광질환 및 각종 결석의 경우 90일)이 지난날의 다음날이며, 상해로 인한 반려견 의료비(수술당일제외, 검사비포함)의 보장개시일은 계약일임※ 계약일부터 1년 이내에 발생한 슬관절탈구, 고관절탈구, 슬관절형성부전, 고관절형성부전 또는 기타 이들과 유사한 사고에 대해서는 보험금을 지급하지 않음※ 「연간」이란 계약일부터 매1년 단위로 도래하는 계약해당일 전일까지의 기간을 의미함※ 「검사비」란 기본검사(신체검사, 정형검사, 신경계검사, 안검사, 피부과검사 등), 영상검사(X-ray, 초음파검사, CT, MRI, 내시경검사 등), 실험실검사(혈액검사, 임상병리검사, 조직병리검사, 배양검사 등)에 사용된 비용을 의미함※ 1사고당 가입시 선택한 자기부담금",,,,,,,,,,,,,,,,,,,,,,,
삼성화재,무배당 삼성화재 펫보험 위풍댕댕(2601.9),,상해 후유장해(80%이상),상해사고로 80%이상 후유장해가 발생한 경우(최초 1회한),가입금액,,,,,,,비갱신형,,,,,장기보장성 비교 공시 (7).xls,,,,상해 후유장해(80%이상),상해사고로 80%이상 후유장해가 발생한 경우(최초 1회한),가입금액,,,,,,,,,,,,,,,,,,,,,,
삼성화재,무배당 삼성화재 펫보험 의기냥냥(2601.2),무배당 삼성화재 펫보험 의기냥냥(2601.2),[갱신형] 반려묘 사망위로금,보장개시일 이후 보험증권에 기재된 반려묘가 사망한 경우 가입금액 지급,가입금액,"31,849","31,849 원",117 원,116 원,,,비갱신형,,,,,장기보장성 비교 공시 (7).xls,,삼성화재,무배당 삼성화재 펫보험 의기냥냥(2601.2),[갱신형] 반려묘 사망위로금,보장개시일 이후 보험증권에 기재된 반려묘가 사망한 경우 가입금액 지급,가입금액,"31,849","30,300",117.4,116.8,,,,,,,,,,,,,,,,,,
삼성화재,무배당 삼성화재 펫보험 의기냥냥(2601.2),,반려동물 양육자금Ⅰ,상해사고로 피보험자(사람)가 사망한 경우 5년간 매월 가입금액 지급,,,,,,,,비갱신형,,,,,장기보장성 비교 공시 (7).xls,,,,반려동물 양육자금Ⅰ,상해사고로 피보험자(사람)가 사망한 경우 5년간 매월 가입금액 지급,,,,,,,,,,,,,,,,,,,,,,,
삼성화재,무배당 삼성화재 펫보험 의기냥냥(2601.2),,반려묘 수술비(치과및구강질환포함)(70%보상형)(재가입형),"보장개시일 이후 보험증권에 기재된 반려묘에게 상해 또는 질병이 발생하여 그 치료를 직접적인 목적으로 국내에서 수의사에게 수술을 받은 때에는 피보험자가 부담한 수술 당일 반려묘의 치료에 사용된 비용을 보험가입금액을 한도로 의료비 보험금에 추가하여 보상(연간 2회한, 치과 및 구강질환 포함)",가입금액 한도,,,,,,,비갱신형,,,,,장기보장성 비교 공시 (7).xls,,,,반려묘 수술비(치과및구강질환포함)(70%보상형)(재가입형),"보장개시일 이후 보험증권에 기재된 반려묘에게 상해 또는 질병이 발생하여 그 치료를 직접적인 목적으로 국내에서 수의사에게 수술을 받은 때에는 피보험자가 부담한 수술 당일 반려묘의 치료에 사용된 비용을 보험가입금액을 한도로 의료비 보험금에 추가하여 보상(연간 2회한, 치과 및 구강질환 포함)",가입금액 한도,,,,,,,,,,,,,,,,,,,,,,
삼성화재,무배당 삼성화재 펫보험 의기냥냥(2601.2),,반려묘 의료비(치과및구강질환포함)(70%보상형)(재가입형),"보장개시일 이후 보험증권에 기재된 반려묘에게 상해 또는 질병이 발생하여 그 치료를 직접적인 목적으로 국내에서 수의사에게 치료를 받은 때에는 1일당 피보험자가 부담한 반려묘의 치료에 사용된 비용을 보험가입금액을 한도로 보상(연간 반려묘 의료비보험금의 총합계는 연간 총 보상한도액 한도로 보상, 치과 및 구강질환 포함)",,,,,,,,비갱신형,,,,,장기보장성 비교 공시 (7).xls,,,,반려묘 의료비(치과및구강질환포함)(70%보상형)(재가입형),"보장개시일 이후 보험증권에 기재된 반려묘에게 상해 또는 질병이 발생하여 그 치료를 직접적인 목적으로 국내에서 수의사에게 치료를 받은 때에는 1일당 피보험자가 부담한 반려묘의 치료에 사용된 비용을 보험가입금액을 한도로 보상(연간 반려묘 의료비보험금의 총합계는 연간 총 보상한도액 한도로 보상, 치과 및 구강질환 포함)",,,,,,,,,,,,,,,,,,,,,,,
삼성화재,무배당 삼성화재 펫보험 의기냥냥(2601.2),,상해 후유장해(80%이상),상해사고로 80%이상 후유장해가 발생한 경우(최초 1회한),가입금액,,,,,,,비갱신형,,,,,장기보장성 비교 공시 (7).xls,,,,상해 후유장해(80%이상),상해사고로 80%이상 후유장해가 발생한 경우(최초 1회한),가입금액,,,,,,,,,,,,,,,,,,,,,,
